Distance,Time,AnswerType,ID,Question
567.1729568917484,1.377336221E9,1,811a74ad-03db-45e3-8b2a-b35436abc04c,4
406.20301238977584,1.377337927E9,1,811a74ad-03db-45e3-8b2a-b35436abc04c,22
383.72722737605017,1.377338406E9,1,811a74ad-03db-45e3-8b2a-b35436abc04c,12
470.30063393444743,1.377338875E9,1,811a74ad-03db-45e3-8b2a-b35436abc04c,13
69.7450636370334,1.377339291E9,1,811a74ad-03db-45e3-8b2a-b35436abc04c,24
153.93091214694408,1.37733957E9,1,811a74ad-03db-45e3-8b2a-b35436abc04c,6
323.389629859467,1.377340379E9,1,811a74ad-03db-45e3-8b2a-b35436abc04c,20
34.13022477199031,1.377340702E9,1,811a74ad-03db-45e3-8b2a-b35436abc04c,16
433.4168594108524,1.377340777E9,1,811a74ad-03db-45e3-8b2a-b35436abc04c,19
82.02882609326198,1.377336342655E9,1,198ffa6e-9f01-42d1-a905-16492ef1f0be,7
59.89333588217546,1.377336362745E9,1,198ffa6e-9f01-42d1-a905-16492ef1f0be,2
168.738384323289,1.377336386224E9,1,198ffa6e-9f01-42d1-a905-16492ef1f0be,17
220.37436724854933,1.377336881E9,1,198ffa6e-9f01-42d1-a905-16492ef1f0be,4
389.6661729245061,1.377337955E9,1,198ffa6e-9f01-42d1-a905-16492ef1f0be,22
380.9485189107453,1.377338408E9,1,198ffa6e-9f01-42d1-a905-16492ef1f0be,12
467.14053213635634,1.377338883E9,1,198ffa6e-9f01-42d1-a905-16492ef1f0be,13
60.78837509449484,1.37733939E9,1,198ffa6e-9f01-42d1-a905-16492ef1f0be,24
373.68376211369406,1.37733990864E9,1,198ffa6e-9f01-42d1-a905-16492ef1f0be,10
209.7374634823711,1.37734034572E9,1,198ffa6e-9f01-42d1-a905-16492ef1f0be,20
45.950797401341276,1.377340651E9,1,198ffa6e-9f01-42d1-a905-16492ef1f0be,16
444.80807522788143,1.37734079E9,1,198ffa6e-9f01-42d1-a905-16492ef1f0be,19
43.047162585791966,1.377336469E9,1,6ea8539c-ed7e-4249-8391-5cea801a884a,23
354.5698699577173,1.377337043E9,1,6ea8539c-ed7e-4249-8391-5cea801a884a,11
930.2494207844821,1.377337527E9,1,6ea8539c-ed7e-4249-8391-5cea801a884a,15
7.19628680470615,1.377340539E9,1,6ea8539c-ed7e-4249-8391-5cea801a884a,24
310.8141372275296,1.377340843E9,1,6ea8539c-ed7e-4249-8391-5cea801a884a,17
30.158690879593948,1.377336429857E9,1,f3677da1-d254-45b9-8d4e-8ae7fa3e0419,23
352.8448341656392,1.37733699E9,1,f3677da1-d254-45b9-8d4e-8ae7fa3e0419,11
906.4631676766636,1.377337579999E9,1,f3677da1-d254-45b9-8d4e-8ae7fa3e0419,15
947.0383381845655,1.377338732391E9,1,f3677da1-d254-45b9-8d4e-8ae7fa3e0419,21
208.13205290316256,1.377339567999E9,1,f3677da1-d254-45b9-8d4e-8ae7fa3e0419,16
152.7711065128243,1.377339776999E9,1,f3677da1-d254-45b9-8d4e-8ae7fa3e0419,20
97.65919056725018,1.377340188999E9,1,f3677da1-d254-45b9-8d4e-8ae7fa3e0419,7
60.67796867114488,1.377340392999E9,1,f3677da1-d254-45b9-8d4e-8ae7fa3e0419,24
326.88556646305045,1.377340785E9,1,f3677da1-d254-45b9-8d4e-8ae7fa3e0419,17
32.06463835354842,1.37733624E9,1,cf129e6a-7aa0-4492-81c5-e27b83aa2f68,8
18.116365564258885,1.377336240859E9,1,cf129e6a-7aa0-4492-81c5-e27b83aa2f68,8
135.89440949815977,1.377336334E9,1,cf129e6a-7aa0-4492-81c5-e27b83aa2f68,18
68.91897919018241,1.377336651E9,1,cf129e6a-7aa0-4492-81c5-e27b83aa2f68,24
41.11043723303286,1.377336053E9,1,e3339549-b424-4d84-8bad-7ab740047b3f,8
22.94630856738824,1.37733624E9,1,e3339549-b424-4d84-8bad-7ab740047b3f,8
127.85394378786896,1.377336318E9,1,e3339549-b424-4d84-8bad-7ab740047b3f,18
61.51016526787913,1.377336577E9,1,e3339549-b424-4d84-8bad-7ab740047b3f,24
65.96315039524667,1.377336987E9,1,e3339549-b424-4d84-8bad-7ab740047b3f,1
42.05190289612744,1.377337296E9,1,e3339549-b424-4d84-8bad-7ab740047b3f,2
117.28617624110252,1.377337362E9,1,e3339549-b424-4d84-8bad-7ab740047b3f,3
220.80499783708987,1.377337634E9,1,e3339549-b424-4d84-8bad-7ab740047b3f,4
697.5099991407017,1.377338169E9,1,e3339549-b424-4d84-8bad-7ab740047b3f,22
45.00625156340204,1.37733618E9,1,fc39f6d2-ee77-4909-87a8-4670b4d24058,8
10.091435688802019,1.377336672999E9,1,fc39f6d2-ee77-4909-87a8-4670b4d24058,18
66.97649269258022,1.377336685999E9,1,fc39f6d2-ee77-4909-87a8-4670b4d24058,24
7.1049539022529995,1.377336726E9,1,3d4859a7-43a0-4dd2-8273-356858b13596,23
348.8303708664742,1.377336759E9,1,3d4859a7-43a0-4dd2-8273-356858b13596,11
1114.2501990816472,1.377337915792E9,1,3d4859a7-43a0-4dd2-8273-356858b13596,21
130.70163975003314,1.377339518E9,1,3d4859a7-43a0-4dd2-8273-356858b13596,19
209.53031378187268,1.377339665E9,1,3d4859a7-43a0-4dd2-8273-356858b13596,16
13.365138615622088,1.377336577E9,1,2dc12d62-5822-4216-9ee3-829062b586d5,23
355.55827391929336,1.377336643E9,1,2dc12d62-5822-4216-9ee3-829062b586d5,11
1102.1623506629803,1.377337905E9,1,2dc12d62-5822-4216-9ee3-829062b586d5,21
125.81870446381193,1.377339487E9,1,2dc12d62-5822-4216-9ee3-829062b586d5,19
190.11565393678225,1.377339933E9,1,2dc12d62-5822-4216-9ee3-829062b586d5,7
178.78021628498647,1.377336505598E9,1,2223d3a1-ac38-45a2-8eb2-42fdb0b132f7,23
363.6059095258507,1.377336746168E9,1,2223d3a1-ac38-45a2-8eb2-42fdb0b132f7,11
1119.6554305213965,1.377337938E9,1,2223d3a1-ac38-45a2-8eb2-42fdb0b132f7,21
127.53836460670679,1.377339473E9,1,2223d3a1-ac38-45a2-8eb2-42fdb0b132f7,19
216.0931789785589,1.377339647E9,1,2223d3a1-ac38-45a2-8eb2-42fdb0b132f7,16
88.19686312059314,1.377340532E9,1,2223d3a1-ac38-45a2-8eb2-42fdb0b132f7,7
72.49446676253929,1.37734086E9,1,2223d3a1-ac38-45a2-8eb2-42fdb0b132f7,24
19.08474733094275,1.377332277E9,1,535240bc-23f8-4dfb-8b25-3a2fd8500065,8
34.94754027434752,1.377332403E9,1,ef3b27e3-3377-4053-9595-9e207cb2a98c,8
43.82042167707889,1.37733602E9,1,ef3b27e3-3377-4053-9595-9e207cb2a98c,8
17.88004057151413,1.377336654E9,1,ef3b27e3-3377-4053-9595-9e207cb2a98c,24
260.5397721424023,1.377336472E9,1,9432233c-af2d-4a15-b091-dc7702a9cf6d,24
165.28483900919974,1.377336584E9,1,9432233c-af2d-4a15-b091-dc7702a9cf6d,6
7.093974887706411,1.377338138E9,1,9432233c-af2d-4a15-b091-dc7702a9cf6d,3
231.28059301378786,1.377338309E9,1,9432233c-af2d-4a15-b091-dc7702a9cf6d,4
394.47941612190465,1.377339411E9,1,9432233c-af2d-4a15-b091-dc7702a9cf6d,22
394.4876389771833,1.377339844E9,1,9432233c-af2d-4a15-b091-dc7702a9cf6d,12
597.9365898867791,1.377336826999E9,1,d6947ea9-c055-43f8-8d51-1d1dc82bf909,9
309.00826870342775,1.377337611999E9,1,d6947ea9-c055-43f8-8d51-1d1dc82bf909,14
44.14607873852775,1.377337635484E9,1,236d6aa9-b19f-45e0-8911-bbe28fd65997,9
305.7488287576197,1.377337684E9,1,236d6aa9-b19f-45e0-8911-bbe28fd65997,14
390.12593527075956,1.37733648265E9,1,5052b33b-9559-48a9-8d2b-f431f7c4d7f7,5
10.49904734617494,1.377336782E9,1,20b20bcb-5777-4a84-aa74-bb916c18bde4,18
269.0529135502106,1.377341007E9,1,20b20bcb-5777-4a84-aa74-bb916c18bde4,5
19.20192231181985,1.377336422E9,1,7a813379-3183-4779-96f0-8bac1f111826,23
150.81844950790546,1.377336476E9,1,7a813379-3183-4779-96f0-8bac1f111826,11
43.48675921466095,1.377336629E9,1,7a813379-3183-4779-96f0-8bac1f111826,16
280.68254386162465,1.377337037E9,1,7a813379-3183-4779-96f0-8bac1f111826,13
492.025869954426,1.377337491E9,1,7a813379-3183-4779-96f0-8bac1f111826,5
377.5940143319576,1.377338674E9,1,7a813379-3183-4779-96f0-8bac1f111826,6
112.54954391298429,1.377339303E9,1,7a813379-3183-4779-96f0-8bac1f111826,18
141.28454927445625,1.37733639E9,1,a8405b3d-25ad-4124-84a3-ad6e9905d58f,16
286.01611142671044,1.377337015E9,1,a8405b3d-25ad-4124-84a3-ad6e9905d58f,13
492.3560668441323,1.377337476E9,1,a8405b3d-25ad-4124-84a3-ad6e9905d58f,5
361.63079545549874,1.377338709E9,1,a8405b3d-25ad-4124-84a3-ad6e9905d58f,6
138.97399549992392,1.377339247E9,1,a8405b3d-25ad-4124-84a3-ad6e9905d58f,24
51.997305863903435,1.377339489E9,1,a8405b3d-25ad-4124-84a3-ad6e9905d58f,18
40.262545504436446,1.377336121E9,1,ae17c406-b4c7-4abf-9dcb-c72729c9abc6,8
60.04404486007773,1.377336161583E9,1,ae17c406-b4c7-4abf-9dcb-c72729c9abc6,23
242.28703692354463,1.377337297E9,1,ae17c406-b4c7-4abf-9dcb-c72729c9abc6,14
348.56865135256237,1.377337547E9,1,ae17c406-b4c7-4abf-9dcb-c72729c9abc6,13
118.48424391594939,1.377337907E9,1,ae17c406-b4c7-4abf-9dcb-c72729c9abc6,12
124.46367080670984,1.377338124E9,1,ae17c406-b4c7-4abf-9dcb-c72729c9abc6,24
213.44178160756974,1.377338253E9,1,ae17c406-b4c7-4abf-9dcb-c72729c9abc6,7
226.1732151753221,1.377339801E9,1,ae17c406-b4c7-4abf-9dcb-c72729c9abc6,17
347.68195662816595,1.377341308E9,1,ae17c406-b4c7-4abf-9dcb-c72729c9abc6,4
27.276245134340307,1.37733543E9,1,df230a9a-da4b-4202-89a2-6716785726de,23
253.4037770671413,1.377335612E9,1,df230a9a-da4b-4202-89a2-6716785726de,21
111.96339355289565,1.37733594E9,1,df230a9a-da4b-4202-89a2-6716785726de,16
204.75663523501117,1.377336028E9,1,df230a9a-da4b-4202-89a2-6716785726de,7
16.509135849959303,1.377336618E9,1,df230a9a-da4b-4202-89a2-6716785726de,24
317.6048115632562,1.377336677E9,1,df230a9a-da4b-4202-89a2-6716785726de,17
481.8736301065552,1.377337253E9,1,df230a9a-da4b-4202-89a2-6716785726de,2
136.39598633913067,1.37733547413E9,1,00b99d6d-89a0-4074-8d8f-32d79240600f,21
122.27415735569816,1.377335957E9,1,00b99d6d-89a0-4074-8d8f-32d79240600f,16
212.69401559606163,1.377336013E9,1,00b99d6d-89a0-4074-8d8f-32d79240600f,7
65.71202773267422,1.377336536E9,1,00b99d6d-89a0-4074-8d8f-32d79240600f,24
320.45636101778325,1.377336762E9,1,00b99d6d-89a0-4074-8d8f-32d79240600f,17
481.5096194178108,1.377337339E9,1,00b99d6d-89a0-4074-8d8f-32d79240600f,2
161.5074020430063,1.377336111E9,1,828b5a25-9bdf-4397-bfde-39810a8e824a,23
376.19621197499316,1.377336565E9,1,828b5a25-9bdf-4397-bfde-39810a8e824a,22
242.69010105316528,1.377337485E9,1,828b5a25-9bdf-4397-bfde-39810a8e824a,4
363.4979491055556,1.377338049E9,1,828b5a25-9bdf-4397-bfde-39810a8e824a,5
59.30841520992873,1.377340617E9,1,828b5a25-9bdf-4397-bfde-39810a8e824a,20
517.0251997074437,1.377336412E9,1,9132596d-ed6c-4689-8640-d68d3aef0045,22
246.23557601577377,1.377337518E9,1,9132596d-ed6c-4689-8640-d68d3aef0045,4
369.43335948118215,1.377338044E9,1,9132596d-ed6c-4689-8640-d68d3aef0045,5
347.3483317112238,1.377339215E9,1,9132596d-ed6c-4689-8640-d68d3aef0045,10
195.3532569321597,1.377340379E9,1,9132596d-ed6c-4689-8640-d68d3aef0045,20
121.2685652604688,1.377335526935E9,1,c69e8e3f-8895-4c3b-9fbb-71565c31c7c9,18
220.41443467320929,1.377335864691E9,1,c69e8e3f-8895-4c3b-9fbb-71565c31c7c9,20
45.16842992018198,1.377336252999E9,1,c69e8e3f-8895-4c3b-9fbb-71565c31c7c9,16
435.3387853123578,1.377336471E9,1,c69e8e3f-8895-4c3b-9fbb-71565c31c7c9,19
320.9061713176114,1.377337120999E9,1,c69e8e3f-8895-4c3b-9fbb-71565c31c7c9,15
187.6296886436501,1.377338742999E9,1,c69e8e3f-8895-4c3b-9fbb-71565c31c7c9,22
192.28861228579822,1.377339353305E9,1,c69e8e3f-8895-4c3b-9fbb-71565c31c7c9,12
65.3050767102541,1.377339675E9,1,c69e8e3f-8895-4c3b-9fbb-71565c31c7c9,8
221.57980607911233,1.37733993E9,1,c69e8e3f-8895-4c3b-9fbb-71565c31c7c9,3
40.68677110855487,1.377336788E9,1,01fa31ca-5cb3-4f19-861c-9999b39279ce,7
72.85555387016248,1.377337013E9,1,01fa31ca-5cb3-4f19-861c-9999b39279ce,9
169.35121337253034,1.377337413633E9,1,01fa31ca-5cb3-4f19-861c-9999b39279ce,11
370.65413391314064,1.377338583E9,1,01fa31ca-5cb3-4f19-861c-9999b39279ce,13
331.9698722035776,1.377339013E9,1,01fa31ca-5cb3-4f19-861c-9999b39279ce,14
918.3484204396677,1.377339417704E9,1,01fa31ca-5cb3-4f19-861c-9999b39279ce,15
255.5364291734345,1.377340968E9,1,01fa31ca-5cb3-4f19-861c-9999b39279ce,19
37.27034893445437,1.377335823E9,1,b2c9e70a-3956-43bb-a2b4-a187363c8865,7
527.9076814272689,1.377335823117E9,1,b2c9e70a-3956-43bb-a2b4-a187363c8865,7
306.3971089877876,1.377336484E9,1,b2c9e70a-3956-43bb-a2b4-a187363c8865,4
220.02814630043991,1.377338058E9,1,b2c9e70a-3956-43bb-a2b4-a187363c8865,10
35.281195014085604,1.377338637E9,1,b2c9e70a-3956-43bb-a2b4-a187363c8865,21
128.73619468664143,1.377338819E9,1,b2c9e70a-3956-43bb-a2b4-a187363c8865,19
189.60170002434762,1.377340293E9,1,b2c9e70a-3956-43bb-a2b4-a187363c8865,22
126.99126232304128,1.377340705E9,1,b2c9e70a-3956-43bb-a2b4-a187363c8865,12
194.01088249965642,1.377340925E9,1,b2c9e70a-3956-43bb-a2b4-a187363c8865,24
16.842616826481812,1.377333403E9,1,3a17c853-d0ad-4d20-819d-81fed494cb25,7
267.3602789531623,1.377336781E9,1,3a17c853-d0ad-4d20-819d-81fed494cb25,7
340.8801368015031,1.377337862E9,1,3a17c853-d0ad-4d20-819d-81fed494cb25,17
253.69229443686987,1.377338759E9,1,3a17c853-d0ad-4d20-819d-81fed494cb25,5
258.93830624958434,1.377339799E9,1,3a17c853-d0ad-4d20-819d-81fed494cb25,1
93.57550822134628,1.377340944E9,1,3a17c853-d0ad-4d20-819d-81fed494cb25,24
171.9893462093328,1.377341098E9,1,3a17c853-d0ad-4d20-819d-81fed494cb25,13
45.104112417350045,1.377341849E9,1,3a17c853-d0ad-4d20-819d-81fed494cb25,20
52.05182605850482,1.377336791E9,1,bb01d752-5cbe-4445-836f-ab04b2837d9a,7
349.2647700339091,1.377336791288E9,1,bb01d752-5cbe-4445-836f-ab04b2837d9a,7
202.12823957447642,1.377337553999E9,1,bb01d752-5cbe-4445-836f-ab04b2837d9a,10
392.5239539562666,1.377338113E9,1,bb01d752-5cbe-4445-836f-ab04b2837d9a,17
246.8790422722766,1.377338752E9,1,bb01d752-5cbe-4445-836f-ab04b2837d9a,5
240.76863649191156,1.377340534348E9,1,bb01d752-5cbe-4445-836f-ab04b2837d9a,6
86.71691499216365,1.377340704999E9,1,bb01d752-5cbe-4445-836f-ab04b2837d9a,8
139.3332715856226,1.377340854999E9,1,bb01d752-5cbe-4445-836f-ab04b2837d9a,24
170.33644615467162,1.377341305999E9,1,bb01d752-5cbe-4445-836f-ab04b2837d9a,13
51.27075221032885,1.377341975999E9,1,bb01d752-5cbe-4445-836f-ab04b2837d9a,20
71.00706497422945,1.377336242757E9,1,4cf1c853-cbab-4dc5-81a1-4e07cc444676,9
150.76397969640487,1.377336334999E9,1,4cf1c853-cbab-4dc5-81a1-4e07cc444676,11
385.8668357611437,1.377336694E9,1,4cf1c853-cbab-4dc5-81a1-4e07cc444676,12
292.5429435521613,1.377337197E9,1,4cf1c853-cbab-4dc5-81a1-4e07cc444676,13
352.92241038434827,1.377337613E9,1,4cf1c853-cbab-4dc5-81a1-4e07cc444676,14
385.5488413548081,1.377338132E9,1,4cf1c853-cbab-4dc5-81a1-4e07cc444676,21
32.675845195498844,1.377340661E9,1,4cf1c853-cbab-4dc5-81a1-4e07cc444676,10
13.60725039108706,1.377336233E9,1,b6e0309b-b99f-48d5-8fa0-669b797b7b6d,7
103.0211248772636,1.377336531595E9,1,b6e0309b-b99f-48d5-8fa0-669b797b7b6d,11
379.1675661051069,1.377336676999E9,1,b6e0309b-b99f-48d5-8fa0-669b797b7b6d,12
295.7980842393601,1.377337201999E9,1,b6e0309b-b99f-48d5-8fa0-669b797b7b6d,13
384.2454343422979,1.377338104E9,1,b6e0309b-b99f-48d5-8fa0-669b797b7b6d,21
125.39556421611317,1.377339410999E9,1,b6e0309b-b99f-48d5-8fa0-669b797b7b6d,19
305.8289177370262,1.377339542E9,1,b6e0309b-b99f-48d5-8fa0-669b797b7b6d,20
158.97599234488712,1.37734035E9,1,b6e0309b-b99f-48d5-8fa0-669b797b7b6d,10
113.48420593215594,1.377340868999E9,1,b6e0309b-b99f-48d5-8fa0-669b797b7b6d,22
68.78490540420579,1.377336153896E9,1,de9440d0-ca6c-41f4-8711-219a705db985,9
160.68246670053523,1.377336387811E9,1,de9440d0-ca6c-41f4-8711-219a705db985,11
377.71272878899225,1.377336684E9,1,de9440d0-ca6c-41f4-8711-219a705db985,12
290.3390955352401,1.377337194E9,1,de9440d0-ca6c-41f4-8711-219a705db985,13
386.7063046005756,1.377338083E9,1,de9440d0-ca6c-41f4-8711-219a705db985,21
121.87462127651304,1.377339411E9,1,de9440d0-ca6c-41f4-8711-219a705db985,19
312.2600192595876,1.377339528E9,1,de9440d0-ca6c-41f4-8711-219a705db985,20
156.7911508717161,1.377340315E9,1,de9440d0-ca6c-41f4-8711-219a705db985,10
106.47634608933798,1.377340958E9,1,de9440d0-ca6c-41f4-8711-219a705db985,22
50.69334963738823,1.377337142E9,1,ce3b29d4-a651-4b5a-8049-3f4906a4f1f7,12
299.3017201724588,1.377337186E9,1,ce3b29d4-a651-4b5a-8049-3f4906a4f1f7,13
357.58996148103193,1.377337652E9,1,ce3b29d4-a651-4b5a-8049-3f4906a4f1f7,14
388.46836636145974,1.377338114E9,1,ce3b29d4-a651-4b5a-8049-3f4906a4f1f7,21
125.75765580948247,1.377339435E9,1,ce3b29d4-a651-4b5a-8049-3f4906a4f1f7,19
317.42687842316195,1.377339536E9,1,ce3b29d4-a651-4b5a-8049-3f4906a4f1f7,20
151.8689537278227,1.377340349E9,1,ce3b29d4-a651-4b5a-8049-3f4906a4f1f7,10
91.66694305329729,1.377341013E9,1,ce3b29d4-a651-4b5a-8049-3f4906a4f1f7,22
216.55873501406572,1.377338396999E9,1,23f52d2c-8e13-4ef1-9f40-1efd878914fe,23
172.39052904415203,1.377338608999E9,1,23f52d2c-8e13-4ef1-9f40-1efd878914fe,20
100.27623793319897,1.377338923999E9,1,23f52d2c-8e13-4ef1-9f40-1efd878914fe,11
45.06706505841249,1.377339487E9,1,23f52d2c-8e13-4ef1-9f40-1efd878914fe,10
131.2044204101431,1.37733700601E9,1,94a9c097-15b1-4cb5-a97c-17ff6c6e910d,21
125.96138644439897,1.377337548557E9,1,94a9c097-15b1-4cb5-a97c-17ff6c6e910d,16
168.35596315869273,1.377337914869E9,1,94a9c097-15b1-4cb5-a97c-17ff6c6e910d,12
102.59269492490333,1.377338587E9,1,94a9c097-15b1-4cb5-a97c-17ff6c6e910d,10
318.18470026549846,1.377338768E9,1,94a9c097-15b1-4cb5-a97c-17ff6c6e910d,1
24.30794777666193,1.377336067E9,1,8dc7d4a8-d3ca-4b0c-bf56-3e284a8c0e91,18
149.1265032532299,1.377336077999E9,1,8dc7d4a8-d3ca-4b0c-bf56-3e284a8c0e91,16
492.66189081024555,1.377336731E9,1,8dc7d4a8-d3ca-4b0c-bf56-3e284a8c0e91,14
173.55997868334325,1.377337211E9,1,8dc7d4a8-d3ca-4b0c-bf56-3e284a8c0e91,22
123.34755882197865,1.377337354E9,1,8dc7d4a8-d3ca-4b0c-bf56-3e284a8c0e91,12
100.48341320051414,1.377337548E9,1,8dc7d4a8-d3ca-4b0c-bf56-3e284a8c0e91,24
157.97234455342712,1.377337662E9,1,8dc7d4a8-d3ca-4b0c-bf56-3e284a8c0e91,8
319.94998195740686,1.377337812E9,1,8dc7d4a8-d3ca-4b0c-bf56-3e284a8c0e91,3
28.18072160322243,1.377335902E9,1,928d8ce8-252a-4425-902d-19235b689e0a,18
147.94032294907322,1.377336085E9,1,928d8ce8-252a-4425-902d-19235b689e0a,16
710.4267736830527,1.377336373E9,1,928d8ce8-252a-4425-902d-19235b689e0a,15
590.3981722253067,1.37733675E9,1,928d8ce8-252a-4425-902d-19235b689e0a,14
167.3144376785978,1.377337229E9,1,928d8ce8-252a-4425-902d-19235b689e0a,22
132.68368111562208,1.37733736E9,1,928d8ce8-252a-4425-902d-19235b689e0a,12
104.79035126593214,1.377337557E9,1,928d8ce8-252a-4425-902d-19235b689e0a,24
153.40032734305112,1.37733766E9,1,928d8ce8-252a-4425-902d-19235b689e0a,8
316.28688306025026,1.377337842E9,1,928d8ce8-252a-4425-902d-19235b689e0a,3
9.93184615308094,1.377336083E9,1,7f1b3ec8-4f57-4d86-9c41-0bdb0b99f272,18
58.99592810110857,1.377336527054E9,1,7f1b3ec8-4f57-4d86-9c41-0bdb0b99f272,14
22.1005900419401,1.377336584E9,1,57098a1a-3d08-4ec1-8eae-a7c8c789d5de,8
493.1325590868493,1.377336587E9,1,57098a1a-3d08-4ec1-8eae-a7c8c789d5de,8
245.74819919566053,1.377337299999E9,1,57098a1a-3d08-4ec1-8eae-a7c8c789d5de,4
385.24799423228933,1.377337869999E9,1,57098a1a-3d08-4ec1-8eae-a7c8c789d5de,5
64.58022616999148,1.37733651E9,1,ccf70e38-78e7-4e15-926c-ad9691997624,8
502.61330097289647,1.3773366E9,1,ccf70e38-78e7-4e15-926c-ad9691997624,8
239.2119704200557,1.377337544E9,1,ccf70e38-78e7-4e15-926c-ad9691997624,4
383.2014097083839,1.377337884E9,1,ccf70e38-78e7-4e15-926c-ad9691997624,5
257.25794382246664,1.377339304999E9,1,ccf70e38-78e7-4e15-926c-ad9691997624,22
205.19582601613155,1.37734016E9,1,ccf70e38-78e7-4e15-926c-ad9691997624,10
192.73871269868056,1.377340398999E9,1,ccf70e38-78e7-4e15-926c-ad9691997624,20
133.815827733126,1.377341246999E9,1,ccf70e38-78e7-4e15-926c-ad9691997624,24
512.5941701708558,1.377336603339E9,1,a0297ab3-c093-48a8-8130-70cbdc7e9578,8
234.3998598059773,1.377337315E9,1,a0297ab3-c093-48a8-8130-70cbdc7e9578,4
372.69251599280517,1.377337897345E9,1,a0297ab3-c093-48a8-8130-70cbdc7e9578,5
262.5648878025487,1.377339298E9,1,a0297ab3-c093-48a8-8130-70cbdc7e9578,22
201.57283709404356,1.377340075E9,1,a0297ab3-c093-48a8-8130-70cbdc7e9578,10
210.59899565211055,1.377340470688E9,1,a0297ab3-c093-48a8-8130-70cbdc7e9578,20
143.74326104453465,1.377341218E9,1,a0297ab3-c093-48a8-8130-70cbdc7e9578,24
38.37555009749407,1.377337939117E9,1,8a133559-5d45-4669-8a5a-99120613d6c6,4
360.0881472315052,1.377337946109E9,1,8a133559-5d45-4669-8a5a-99120613d6c6,5
259.6196014721012,1.377339312797E9,1,8a133559-5d45-4669-8a5a-99120613d6c6,22
219.0093284201725,1.377340168355E9,1,8a133559-5d45-4669-8a5a-99120613d6c6,10
194.0298984391283,1.37734038376E9,1,8a133559-5d45-4669-8a5a-99120613d6c6,20
137.3502604597902,1.377341259006E9,1,8a133559-5d45-4669-8a5a-99120613d6c6,24
413.24173895168576,1.377337369E9,1,4d122eeb-280f-41e3-8534-d2a14e44e0ed,9
143.27409765782204,1.377337136E9,1,150284e0-6cf3-43a8-9314-7c1a21a63361,21
170.5583935305361,1.377337711999E9,1,150284e0-6cf3-43a8-9314-7c1a21a63361,13
211.1338264869588,1.377338539999E9,1,150284e0-6cf3-43a8-9314-7c1a21a63361,24
97.55976125573049,1.377340401999E9,1,150284e0-6cf3-43a8-9314-7c1a21a63361,5
57.504982887086776,1.377336483E9,1,c1072e12-e60d-41fb-9172-87fb0d6951d1,18
124.30334302354515,1.377338693999E9,1,c1072e12-e60d-41fb-9172-87fb0d6951d1,15
183.17146401375567,1.377338870999E9,1,c1072e12-e60d-41fb-9172-87fb0d6951d1,8
145.9125536630393,1.377339150999E9,1,c1072e12-e60d-41fb-9172-87fb0d6951d1,24
146.53414979328534,1.377336588999E9,1,9fff04a1-06b6-4587-806c-750c2321cd0b,18
42.94442012066742,1.377338619E9,1,9fff04a1-06b6-4587-806c-750c2321cd0b,15
190.68814967217295,1.377338905999E9,1,9fff04a1-06b6-4587-806c-750c2321cd0b,8
145.53514647027276,1.377339137999E9,1,9fff04a1-06b6-4587-806c-750c2321cd0b,24
83.81143382680649,1.377340878416E9,1,9fff04a1-06b6-4587-806c-750c2321cd0b,2
9.980592781117615,1.377336443E9,1,3c4cd9ad-4c44-4704-8a25-96661e7bb40f,18
150.1016564538396,1.377336528E9,1,3c4cd9ad-4c44-4704-8a25-96661e7bb40f,18
125.45616121874036,1.377338694E9,1,3c4cd9ad-4c44-4704-8a25-96661e7bb40f,15
182.73374585381512,1.377338911E9,1,3c4cd9ad-4c44-4704-8a25-96661e7bb40f,8
144.27284343037846,1.377339155E9,1,3c4cd9ad-4c44-4704-8a25-96661e7bb40f,24
64.82454611240394,1.37734081759E9,1,3c4cd9ad-4c44-4704-8a25-96661e7bb40f,3
24.59345298705408,1.377338254E9,1,9911946d-5b84-4b64-9e63-e78b421b71e6,7
47.22220328326594,1.377338545E9,1,9911946d-5b84-4b64-9e63-e78b421b71e6,23
36.30596841337511,1.377337086E9,1,69938477-962a-4da6-87f7-ce71c1d4de42,7
332.090625839665,1.377337086144E9,1,69938477-962a-4da6-87f7-ce71c1d4de42,7
134.47464147765012,1.377337607999E9,1,69938477-962a-4da6-87f7-ce71c1d4de42,10
376.80846864567746,1.377337963999E9,1,69938477-962a-4da6-87f7-ce71c1d4de42,17
241.35836727311266,1.377338313999E9,1,69938477-962a-4da6-87f7-ce71c1d4de42,5
319.7205416774473,1.377338777E9,1,69938477-962a-4da6-87f7-ce71c1d4de42,1
169.32216123057603,1.377339396E9,1,69938477-962a-4da6-87f7-ce71c1d4de42,6
114.2086826617539,1.377339517E9,1,69938477-962a-4da6-87f7-ce71c1d4de42,8
151.80089926765163,1.377339689E9,1,69938477-962a-4da6-87f7-ce71c1d4de42,24
92.15207376855312,1.377336675E9,1,33ca47e4-ebc2-492f-9bca-d8db8be0df70,9
671.116796452518,1.37733675756E9,1,33ca47e4-ebc2-492f-9bca-d8db8be0df70,9
106.81841071891958,1.377338015638E9,1,33ca47e4-ebc2-492f-9bca-d8db8be0df70,22
356.9078726838448,1.377338198628E9,1,33ca47e4-ebc2-492f-9bca-d8db8be0df70,13
142.7160214417214,1.377339525918E9,1,33ca47e4-ebc2-492f-9bca-d8db8be0df70,3
297.238480297959,1.377340082415E9,1,33ca47e4-ebc2-492f-9bca-d8db8be0df70,4
6.2658606453514105,1.377336155E9,1,046c662b-d5cc-4318-87cd-4da706c6ba27,23
138.21786702398373,1.377336162E9,1,046c662b-d5cc-4318-87cd-4da706c6ba27,11
31.822711431923025,1.377336327E9,1,046c662b-d5cc-4318-87cd-4da706c6ba27,16
439.6314500365673,1.377336452E9,1,046c662b-d5cc-4318-87cd-4da706c6ba27,19
370.3804525234079,1.37733692E9,1,046c662b-d5cc-4318-87cd-4da706c6ba27,15
170.4565051548502,1.377337727E9,1,046c662b-d5cc-4318-87cd-4da706c6ba27,12
129.38078416811635,1.377337949E9,1,046c662b-d5cc-4318-87cd-4da706c6ba27,24
213.25665876548504,1.377338078E9,1,046c662b-d5cc-4318-87cd-4da706c6ba27,7
275.4974143725966,1.37733819E9,1,046c662b-d5cc-4318-87cd-4da706c6ba27,20
278.46728357238266,1.377338457E9,1,046c662b-d5cc-4318-87cd-4da706c6ba27,17
61.88597928052202,1.377339198E9,1,046c662b-d5cc-4318-87cd-4da706c6ba27,3
422.471418213221,1.377339237E9,1,046c662b-d5cc-4318-87cd-4da706c6ba27,4
42.10171553310047,1.377335822E9,1,d6244d56-3c1e-44c0-816c-17173d9162e0,8
26.455506879329665,1.377336104E9,1,d6244d56-3c1e-44c0-816c-17173d9162e0,23
158.68080326709202,1.377336161E9,1,d6244d56-3c1e-44c0-816c-17173d9162e0,11
34.23372575120986,1.37733633E9,1,d6244d56-3c1e-44c0-816c-17173d9162e0,16
441.9360432617912,1.377336469E9,1,d6244d56-3c1e-44c0-816c-17173d9162e0,19
370.5991636617728,1.377336933E9,1,d6244d56-3c1e-44c0-816c-17173d9162e0,15
170.5416440021044,1.377337743E9,1,d6244d56-3c1e-44c0-816c-17173d9162e0,12
128.32426195298063,1.377337981E9,1,d6244d56-3c1e-44c0-816c-17173d9162e0,24
213.45388518072855,1.377338081E9,1,d6244d56-3c1e-44c0-816c-17173d9162e0,7
281.1814728988781,1.377338196E9,1,d6244d56-3c1e-44c0-816c-17173d9162e0,20
275.7600687237641,1.377338490554E9,1,d6244d56-3c1e-44c0-816c-17173d9162e0,17
451.95115981079596,1.377339263E9,1,d6244d56-3c1e-44c0-816c-17173d9162e0,4
13.746040159069882,1.377341431E9,1,1824b2f7-c66c-4c8e-8b07-cf99d65b689e,3
35.812645907332715,1.377336528E9,1,7b3fcee3-3f7d-4f9a-a4a1-90c17560e6d9,18
194.17485820980662,1.377336571E9,1,7b3fcee3-3f7d-4f9a-a4a1-90c17560e6d9,18
282.5078542227094,1.377336839999E9,1,7b3fcee3-3f7d-4f9a-a4a1-90c17560e6d9,20
42.84431416868183,1.377337841999E9,1,7b3fcee3-3f7d-4f9a-a4a1-90c17560e6d9,16
38.93856584749004,1.377338493E9,1,7b3fcee3-3f7d-4f9a-a4a1-90c17560e6d9,14
171.41946035395506,1.377338679999E9,1,7b3fcee3-3f7d-4f9a-a4a1-90c17560e6d9,22
122.96445102393332,1.377339020999E9,1,7b3fcee3-3f7d-4f9a-a4a1-90c17560e6d9,12
99.64837331877598,1.377339579E9,1,7b3fcee3-3f7d-4f9a-a4a1-90c17560e6d9,24
487.9540884921575,1.377340096999E9,1,7b3fcee3-3f7d-4f9a-a4a1-90c17560e6d9,3
231.97658008185513,1.377337554E9,1,5146e44f-b51f-41cf-83e6-769b8b88b673,16
44.01673713397202,1.377337859E9,1,5146e44f-b51f-41cf-83e6-769b8b88b673,16
49.9111178442382,1.377338136231E9,1,5146e44f-b51f-41cf-83e6-769b8b88b673,18
53.742161373056945,1.377338445E9,1,5146e44f-b51f-41cf-83e6-769b8b88b673,14
168.32658842885948,1.377338728E9,1,5146e44f-b51f-41cf-83e6-769b8b88b673,22
137.44557282794926,1.377339634227E9,1,5146e44f-b51f-41cf-83e6-769b8b88b673,12
494.674119817359,1.37734007E9,1,5146e44f-b51f-41cf-83e6-769b8b88b673,3
53.552443597247844,1.377337722E9,1,6e486f5f-9c0f-4e01-862e-e6a93eb4428b,16
265.1692851937984,1.377338703E9,1,6e486f5f-9c0f-4e01-862e-e6a93eb4428b,22
118.39057761424048,1.377338998E9,1,6e486f5f-9c0f-4e01-862e-e6a93eb4428b,12
503.470542865649,1.377340051E9,1,6e486f5f-9c0f-4e01-862e-e6a93eb4428b,3
190.28810218650463,1.377336235E9,1,5787f608-cb3a-4051-bcf0-3756dd5bd227,23
606.8097100429958,1.377336621E9,1,5787f608-cb3a-4051-bcf0-3756dd5bd227,20
243.95338304168865,1.377337359E9,1,5787f608-cb3a-4051-bcf0-3756dd5bd227,5
168.49977083132052,1.377337693E9,1,5787f608-cb3a-4051-bcf0-3756dd5bd227,4
221.88670905066883,1.377338614E9,1,5787f608-cb3a-4051-bcf0-3756dd5bd227,3
150.60167036865252,1.377339139E9,1,5787f608-cb3a-4051-bcf0-3756dd5bd227,17
163.3615055075046,1.377339477E9,1,5787f608-cb3a-4051-bcf0-3756dd5bd227,10
471.57004526152633,1.377340281E9,1,5787f608-cb3a-4051-bcf0-3756dd5bd227,22
128.28591128056044,1.377340804E9,1,5787f608-cb3a-4051-bcf0-3756dd5bd227,12
100.86020668200432,1.377341159E9,1,5787f608-cb3a-4051-bcf0-3756dd5bd227,24
473.7165010713951,1.37734134E9,1,5787f608-cb3a-4051-bcf0-3756dd5bd227,8
376.82333294469527,1.377337764E9,1,e775c73a-0cad-4831-b544-376828782606,16
149.65786819875743,1.377338279E9,1,e775c73a-0cad-4831-b544-376828782606,2
372.71640777326263,1.377340112E9,1,e775c73a-0cad-4831-b544-376828782606,12
211.08070661688015,1.377336673E9,1,01d1662e-2678-46bf-8050-76136661d659,23
663.4143145244772,1.37733683E9,1,01d1662e-2678-46bf-8050-76136661d659,20
223.98026258282675,1.377338144E9,1,01d1662e-2678-46bf-8050-76136661d659,5
106.45064158056954,1.377338947E9,1,01d1662e-2678-46bf-8050-76136661d659,17
151.8779218372168,1.377339081E9,1,01d1662e-2678-46bf-8050-76136661d659,10
186.26229397924314,1.377339526E9,1,01d1662e-2678-46bf-8050-76136661d659,22
118.2225673847632,1.377340083E9,1,01d1662e-2678-46bf-8050-76136661d659,12
92.87040289926806,1.377340321E9,1,01d1662e-2678-46bf-8050-76136661d659,24
114.05041763197883,1.377338136465E9,1,f5b71977-da01-4ca0-89d7-ad99836334cc,5
215.62737942404888,1.377339598E9,1,f5b71977-da01-4ca0-89d7-ad99836334cc,22
38.99397194422871,1.377340387E9,1,f5b71977-da01-4ca0-89d7-ad99836334cc,24
94.73731549425186,1.377338073E9,1,3924ce6d-d3d2-46d1-8370-ea667b6d64ee,5
244.50781618473675,1.377339001E9,1,3924ce6d-d3d2-46d1-8370-ea667b6d64ee,10
182.4442785277648,1.377339611E9,1,3924ce6d-d3d2-46d1-8370-ea667b6d64ee,22
133.8645534776643,1.37734011E9,1,3924ce6d-d3d2-46d1-8370-ea667b6d64ee,12
101.53951446348744,1.3773404E9,1,3924ce6d-d3d2-46d1-8370-ea667b6d64ee,24
12.186052147524212,1.377335877E9,1,8bdcddc0-5818-44d0-80dd-64358ac6f1bd,7
65.63687968511717,1.377335902E9,1,8bdcddc0-5818-44d0-80dd-64358ac6f1bd,9
512.0021587770011,1.377336121E9,1,8bdcddc0-5818-44d0-80dd-64358ac6f1bd,12
484.531843714099,1.377339273999E9,1,8bdcddc0-5818-44d0-80dd-64358ac6f1bd,22
17.331659204877024,1.377336085E9,1,d0de1020-061e-481c-add9-5b9a3ffab228,7
364.9673548077599,1.377336085846E9,1,d0de1020-061e-481c-add9-5b9a3ffab228,7
380.1123833456834,1.377336588516E9,1,d0de1020-061e-481c-add9-5b9a3ffab228,17
225.57220638364907,1.377337229832E9,1,d0de1020-061e-481c-add9-5b9a3ffab228,5
166.3649478161998,1.377338941481E9,1,d0de1020-061e-481c-add9-5b9a3ffab228,3
164.27870435160813,1.377336447504E9,1,855ae7a0-b70d-4d45-8ebf-6d0909a4d37e,7
379.70933474505676,1.377336617E9,1,855ae7a0-b70d-4d45-8ebf-6d0909a4d37e,17
241.53970681918983,1.377337234E9,1,855ae7a0-b70d-4d45-8ebf-6d0909a4d37e,5
169.368143454521,1.377338807E9,1,855ae7a0-b70d-4d45-8ebf-6d0909a4d37e,3
207.36654275722708,1.377339621999E9,1,855ae7a0-b70d-4d45-8ebf-6d0909a4d37e,10
244.51178675466284,1.377339799999E9,1,855ae7a0-b70d-4d45-8ebf-6d0909a4d37e,20
145.78401938657743,1.377340384999E9,1,855ae7a0-b70d-4d45-8ebf-6d0909a4d37e,24
395.3938540590947,1.377340800999E9,1,855ae7a0-b70d-4d45-8ebf-6d0909a4d37e,12
302.31564081027426,1.377341465999E9,1,855ae7a0-b70d-4d45-8ebf-6d0909a4d37e,13
18.027965237345626,1.377336152E9,1,588c8969-f62a-4ae4-bf4e-96530187e8e1,7
348.9243093887981,1.377336243677E9,1,588c8969-f62a-4ae4-bf4e-96530187e8e1,7
380.8585207261245,1.377336617328E9,1,588c8969-f62a-4ae4-bf4e-96530187e8e1,17
243.4875831838931,1.377337224107E9,1,588c8969-f62a-4ae4-bf4e-96530187e8e1,5
121.93429819653507,1.377338942146E9,1,588c8969-f62a-4ae4-bf4e-96530187e8e1,3
196.75336121817895,1.377339626056E9,1,588c8969-f62a-4ae4-bf4e-96530187e8e1,10
245.3351373659521,1.377339791155E9,1,588c8969-f62a-4ae4-bf4e-96530187e8e1,20
138.68760951259577,1.377340378302E9,1,588c8969-f62a-4ae4-bf4e-96530187e8e1,24
379.1052728122149,1.377340702193E9,1,588c8969-f62a-4ae4-bf4e-96530187e8e1,12
291.7893940064292,1.377341523992E9,1,588c8969-f62a-4ae4-bf4e-96530187e8e1,13
364.7933837267818,1.37733609125E9,1,f4871826-cbed-4451-88f1-4f9cc10e9d62,7
377.9097383515076,1.377336606999E9,1,f4871826-cbed-4451-88f1-4f9cc10e9d62,17
241.53466953180705,1.377337201999E9,1,f4871826-cbed-4451-88f1-4f9cc10e9d62,5
154.64835104592913,1.37733777E9,1,f4871826-cbed-4451-88f1-4f9cc10e9d62,1
165.85242611275373,1.377338927138E9,1,f4871826-cbed-4451-88f1-4f9cc10e9d62,3
204.18744441009284,1.377339616999E9,1,f4871826-cbed-4451-88f1-4f9cc10e9d62,10
208.88076558575034,1.377339831411E9,1,f4871826-cbed-4451-88f1-4f9cc10e9d62,20
121.90730805486658,1.377340375999E9,1,f4871826-cbed-4451-88f1-4f9cc10e9d62,24
398.9231575274046,1.37734079E9,1,f4871826-cbed-4451-88f1-4f9cc10e9d62,12
55.953778657881045,1.377336916E9,1,5f596dd6-a304-4d8d-96d8-39920a39c209,7
460.6158729209948,1.377336917569E9,1,5f596dd6-a304-4d8d-96d8-39920a39c209,7
295.17793335107655,1.37733764074E9,1,5f596dd6-a304-4d8d-96d8-39920a39c209,4
142.36477357580753,1.377338040066E9,1,5f596dd6-a304-4d8d-96d8-39920a39c209,17
250.27940386053376,1.377338301358E9,1,5f596dd6-a304-4d8d-96d8-39920a39c209,10
262.0544389612062,1.377340112026E9,1,5f596dd6-a304-4d8d-96d8-39920a39c209,1
438.3804100566487,1.377336918E9,1,c0218174-cd7e-4b16-8b3d-02fcbef6ec51,7
291.2802548548984,1.377337624E9,1,c0218174-cd7e-4b16-8b3d-02fcbef6ec51,4
138.65997150107125,1.377338044E9,1,c0218174-cd7e-4b16-8b3d-02fcbef6ec51,17
262.3300605214924,1.377338317E9,1,c0218174-cd7e-4b16-8b3d-02fcbef6ec51,10
194.67539276624973,1.377338611E9,1,c0218174-cd7e-4b16-8b3d-02fcbef6ec51,21
125.92578827229083,1.377339208E9,1,c0218174-cd7e-4b16-8b3d-02fcbef6ec51,19
449.52938262383225,1.377336554E9,1,625eb6cf-1c28-47c1-88df-b425a6f395fb,7
303.601075266564,1.37733761E9,1,625eb6cf-1c28-47c1-88df-b425a6f395fb,4
143.2386451530219,1.37733806E9,1,625eb6cf-1c28-47c1-88df-b425a6f395fb,17
260.3442607534991,1.377338326E9,1,625eb6cf-1c28-47c1-88df-b425a6f395fb,10
131.0312556806864,1.377338850007E9,1,625eb6cf-1c28-47c1-88df-b425a6f395fb,21
130.40482870658315,1.377339206E9,1,625eb6cf-1c28-47c1-88df-b425a6f395fb,19
236.19040709138338,1.377339646E9,1,625eb6cf-1c28-47c1-88df-b425a6f395fb,23
176.7899237538515,1.377340028E9,1,625eb6cf-1c28-47c1-88df-b425a6f395fb,6
59.522940551108874,1.377340286E9,1,625eb6cf-1c28-47c1-88df-b425a6f395fb,1
39.658483638910674,1.377336969E9,1,ced5559c-591f-4176-8be7-99a30c49b961,8
505.9819497282052,1.377337012489E9,1,ced5559c-591f-4176-8be7-99a30c49b961,8
246.2323315617445,1.377338007E9,1,ced5559c-591f-4176-8be7-99a30c49b961,4
373.7760021054674,1.377338274E9,1,ced5559c-591f-4176-8be7-99a30c49b961,5
461.2055915894982,1.3773402E9,1,ced5559c-591f-4176-8be7-99a30c49b961,10
210.99389462141667,1.377340713971E9,1,ced5559c-591f-4176-8be7-99a30c49b961,20
128.5321572450363,1.377341289E9,1,ced5559c-591f-4176-8be7-99a30c49b961,24
241.40178485425108,1.37734164814E9,1,ced5559c-591f-4176-8be7-99a30c49b961,16
176.28601109946987,1.377337014433E9,1,3f1a6756-5982-45fb-839c-6ca4bb34f1ba,8
250.37644749586462,1.377338021E9,1,3f1a6756-5982-45fb-839c-6ca4bb34f1ba,4
374.2607732018274,1.377338298E9,1,3f1a6756-5982-45fb-839c-6ca4bb34f1ba,5
284.94462620694185,1.377338694E9,1,3f1a6756-5982-45fb-839c-6ca4bb34f1ba,17
48.336546361396735,1.377339953E9,1,3f1a6756-5982-45fb-839c-6ca4bb34f1ba,3
453.0880311339101,1.377340276795E9,1,3f1a6756-5982-45fb-839c-6ca4bb34f1ba,10
207.60688847321276,1.377340943E9,1,3f1a6756-5982-45fb-839c-6ca4bb34f1ba,20
122.28160787379218,1.377341360235E9,1,3f1a6756-5982-45fb-839c-6ca4bb34f1ba,24
245.28792067172253,1.377341695E9,1,3f1a6756-5982-45fb-839c-6ca4bb34f1ba,16
10.856269137252243,1.377336156E9,1,8e51ba3b-1ede-495d-9633-0da9279f462f,23
65.18102273092173,1.37733641E9,1,8e51ba3b-1ede-495d-9633-0da9279f462f,15
126.86681509922798,1.377336607E9,1,8e51ba3b-1ede-495d-9633-0da9279f462f,16
35.728701936256634,1.37733613602E9,1,f3bbe8c4-cc44-4f45-b8b5-6de71a9e1211,23
80.79493691042238,1.3773363343E9,1,f3bbe8c4-cc44-4f45-b8b5-6de71a9e1211,15
254.67224127277493,1.377336855782E9,1,f3bbe8c4-cc44-4f45-b8b5-6de71a9e1211,10
70.55221981249981,1.377337827959E9,1,f3bbe8c4-cc44-4f45-b8b5-6de71a9e1211,6
176.28601109946987,1.377339327014E9,1,f3bbe8c4-cc44-4f45-b8b5-6de71a9e1211,5
518.2183522502056,1.37733786E9,1,7bbbd345-28ba-4617-a8dd-ea8b865b20ad,9
292.1809843486871,1.37733889E9,1,7bbbd345-28ba-4617-a8dd-ea8b865b20ad,13
324.8521046607601,1.37733922E9,1,7bbbd345-28ba-4617-a8dd-ea8b865b20ad,14
342.69989374796234,1.377339692E9,1,7bbbd345-28ba-4617-a8dd-ea8b865b20ad,15
172.8943529705021,1.377340478E9,1,7bbbd345-28ba-4617-a8dd-ea8b865b20ad,11
140.55885667697927,1.377341021E9,1,7bbbd345-28ba-4617-a8dd-ea8b865b20ad,24
421.0676782669871,1.377340568381E9,1,5494f7ea-a654-48fb-8f32-4d1ff9006e99,24
490.1183570672732,1.377337656E9,1,f03d6490-31f1-44c4-9d9d-4659f892b2a1,9
295.61454389106297,1.377338907237E9,1,f03d6490-31f1-44c4-9d9d-4659f892b2a1,13
324.2801869253337,1.377339181E9,1,f03d6490-31f1-44c4-9d9d-4659f892b2a1,14
326.02349824866735,1.377339704E9,1,f03d6490-31f1-44c4-9d9d-4659f892b2a1,15
175.6722647345156,1.377340486E9,1,f03d6490-31f1-44c4-9d9d-4659f892b2a1,11
147.968780427577,1.377341014E9,1,f03d6490-31f1-44c4-9d9d-4659f892b2a1,24
22.801633733973933,1.377338728E9,1,060ad3f3-52e8-4d01-82c2-c244afacf986,4
22.801633733973933,1.377338728E9,1,060ad3f3-52e8-4d01-82c2-c244afacf986,2
698.6100295788513,1.377335959E9,1,1cb29933-66fc-4557-9f79-dd5d533b92e4,20
239.5411831528989,1.377337074E9,1,1cb29933-66fc-4557-9f79-dd5d533b92e4,5
252.68995414640932,1.377339172E9,1,1cb29933-66fc-4557-9f79-dd5d533b92e4,22
113.29172172347269,1.377339678E9,1,1cb29933-66fc-4557-9f79-dd5d533b92e4,12
91.11582235234444,1.377339893E9,1,1cb29933-66fc-4557-9f79-dd5d533b92e4,24
80.95098751766423,1.377340159E9,1,1cb29933-66fc-4557-9f79-dd5d533b92e4,13
680.0225632641658,1.377337173E9,1,3562750d-cc57-4369-85c7-ee1f4860b64e,9
304.6771414461671,1.377337657E9,1,3562750d-cc57-4369-85c7-ee1f4860b64e,14
907.112202819578,1.377338132E9,1,3562750d-cc57-4369-85c7-ee1f4860b64e,15
934.8997339590486,1.377338766391E9,1,3562750d-cc57-4369-85c7-ee1f4860b64e,21
123.78150360505833,1.377339435E9,1,3562750d-cc57-4369-85c7-ee1f4860b64e,16
512.1184340447728,1.377339896E9,1,3562750d-cc57-4369-85c7-ee1f4860b64e,11
356.1816795219138,1.377340512E9,1,3562750d-cc57-4369-85c7-ee1f4860b64e,13
125.4782589383863,1.377341031E9,1,3562750d-cc57-4369-85c7-ee1f4860b64e,12
36.77679185037935,1.377341916E9,1,3562750d-cc57-4369-85c7-ee1f4860b64e,4
113.90237882241304,1.377336874E9,1,fbda9099-5e1a-4db1-8d83-fb709df75d7c,9
305.66111468757026,1.377337672E9,1,fbda9099-5e1a-4db1-8d83-fb709df75d7c,14
929.678639894593,1.377338164E9,1,fbda9099-5e1a-4db1-8d83-fb709df75d7c,15
931.8156393336366,1.377338739999E9,1,fbda9099-5e1a-4db1-8d83-fb709df75d7c,21
132.7151199346079,1.377339339999E9,1,fbda9099-5e1a-4db1-8d83-fb709df75d7c,19
122.64984234715617,1.377339732E9,1,fbda9099-5e1a-4db1-8d83-fb709df75d7c,16
520.5026657109241,1.377339881E9,1,fbda9099-5e1a-4db1-8d83-fb709df75d7c,11
365.4333964746992,1.377340476999E9,1,fbda9099-5e1a-4db1-8d83-fb709df75d7c,13
123.04759998842162,1.377341053999E9,1,fbda9099-5e1a-4db1-8d83-fb709df75d7c,12
22.852546257362178,1.377334927E9,1,6b2856e0-64ff-4d73-8c2e-5b59c05cfc2d,7
315.4776324141368,1.37733907E9,1,6b2856e0-64ff-4d73-8c2e-5b59c05cfc2d,4
202.89519837285403,1.377340401E9,1,6b2856e0-64ff-4d73-8c2e-5b59c05cfc2d,10
119.56948171344696,1.377340919E9,1,6b2856e0-64ff-4d73-8c2e-5b59c05cfc2d,21
33.64559589972054,1.377337188E9,1,97a88ff2-d1bb-4f12-8246-25beac9ddd7c,8
24.606663842684913,1.377337291999E9,1,97a88ff2-d1bb-4f12-8246-25beac9ddd7c,23
151.20579208516864,1.377337359999E9,1,97a88ff2-d1bb-4f12-8246-25beac9ddd7c,11
46.452989147966655,1.377337596999E9,1,97a88ff2-d1bb-4f12-8246-25beac9ddd7c,16
17.283403252461724,1.377339573783E9,1,97a88ff2-d1bb-4f12-8246-25beac9ddd7c,24
24.895274271609775,1.377339573783E9,1,97a88ff2-d1bb-4f12-8246-25beac9ddd7c,5
56.9390589173679,1.377337531561E9,1,5854301f-e549-4ad7-8a23-9fecf16ad219,23
22.962907456052466,1.377332295E9,1,87120d07-954b-4e8d-8205-5cc8ddf5868c,7
483.81815231495267,1.377335945E9,1,87120d07-954b-4e8d-8205-5cc8ddf5868c,5
24.647414922450494,1.377335789E9,1,4620b203-78ed-4923-8405-4ad6b27aa09b,7
335.42439449046896,1.377338661E9,1,4620b203-78ed-4923-8405-4ad6b27aa09b,8
30.557786638994447,1.377335795E9,1,9a759788-0132-4f99-9233-2a43508f2bbe,7
679.2953922900841,1.377335809999E9,1,9a759788-0132-4f99-9233-2a43508f2bbe,17
316.37278785886053,1.377338542999E9,1,9a759788-0132-4f99-9233-2a43508f2bbe,8
105.05109533859364,1.377336485E9,1,d07b3ed8-9aac-4178-9c54-942100745679,9
653.1226145461678,1.377336566078E9,1,d07b3ed8-9aac-4178-9c54-942100745679,9
185.55003157352976,1.377337174E9,1,d07b3ed8-9aac-4178-9c54-942100745679,22
358.8838818548704,1.377337354E9,1,d07b3ed8-9aac-4178-9c54-942100745679,13
131.05466781236188,1.377338136E9,1,d07b3ed8-9aac-4178-9c54-942100745679,2
109.85891838672329,1.377338739E9,1,d07b3ed8-9aac-4178-9c54-942100745679,3
135.81330740451267,1.377340031E9,1,d07b3ed8-9aac-4178-9c54-942100745679,6
217.58579369505998,1.37734077E9,1,d07b3ed8-9aac-4178-9c54-942100745679,7
222.92790885412657,1.377341161E9,1,d07b3ed8-9aac-4178-9c54-942100745679,20
42.58911624139014,1.377341351E9,1,d07b3ed8-9aac-4178-9c54-942100745679,16
170.68182398066713,1.377336544E9,1,579dfc88-32dc-438c-8c17-5439355c7581,23
368.13164432086205,1.377336805999E9,1,579dfc88-32dc-438c-8c17-5439355c7581,22
241.09682571160263,1.377337360999E9,1,579dfc88-32dc-438c-8c17-5439355c7581,4
107.67743332725807,1.377340607E9,1,579dfc88-32dc-438c-8c17-5439355c7581,13
160.0347662425925,1.377336575999E9,1,4dcea3c6-39c6-4c7f-9068-b962ecf7db6b,23
377.1228524561993,1.377336794999E9,1,4dcea3c6-39c6-4c7f-9068-b962ecf7db6b,22
236.4536180830783,1.377337622E9,1,4dcea3c6-39c6-4c7f-9068-b962ecf7db6b,4
209.44908763734333,1.377339598999E9,1,4dcea3c6-39c6-4c7f-9068-b962ecf7db6b,10
118.61925818087057,1.377339856557E9,1,4dcea3c6-39c6-4c7f-9068-b962ecf7db6b,20
115.14631847786782,1.377340709E9,1,4dcea3c6-39c6-4c7f-9068-b962ecf7db6b,13
17.84447461582339,1.377335879E9,1,5b012f05-b8bd-4abd-852d-c34fbb3617c4,18
122.50440100733395,1.377335881E9,1,5b012f05-b8bd-4abd-852d-c34fbb3617c4,18
950.044482196939,1.377336071E9,1,5b012f05-b8bd-4abd-852d-c34fbb3617c4,19
1176.0246311967887,1.377336464E9,1,5b012f05-b8bd-4abd-852d-c34fbb3617c4,21
416.2590476239387,1.377336996E9,1,5b012f05-b8bd-4abd-852d-c34fbb3617c4,15
514.3904930750404,1.377337657E9,1,5b012f05-b8bd-4abd-852d-c34fbb3617c4,11
498.3932220975824,1.377337945E9,1,5b012f05-b8bd-4abd-852d-c34fbb3617c4,13
120.54059576348119,1.377338267E9,1,5b012f05-b8bd-4abd-852d-c34fbb3617c4,8
140.33006759586286,1.3773384E9,1,5b012f05-b8bd-4abd-852d-c34fbb3617c4,24
542.9968136654476,1.377338909E9,1,5b012f05-b8bd-4abd-852d-c34fbb3617c4,22
377.3371009088238,1.377339753E9,1,5b012f05-b8bd-4abd-852d-c34fbb3617c4,10
52.96329223995268,1.3773403E9,1,5b012f05-b8bd-4abd-852d-c34fbb3617c4,2
505.88256424624086,1.377340659E9,1,5b012f05-b8bd-4abd-852d-c34fbb3617c4,5
410.90614189124733,1.377336994E9,1,8c4adf5e-9a2c-46a6-b033-155030be00c3,15
527.0478372848626,1.377337643E9,1,8c4adf5e-9a2c-46a6-b033-155030be00c3,11
486.6281154021854,1.377337941E9,1,8c4adf5e-9a2c-46a6-b033-155030be00c3,13
143.866042486557,1.377338265E9,1,8c4adf5e-9a2c-46a6-b033-155030be00c3,8
147.27166325845306,1.377338387E9,1,8c4adf5e-9a2c-46a6-b033-155030be00c3,24
464.4096411908052,1.377338518E9,1,8c4adf5e-9a2c-46a6-b033-155030be00c3,12
383.7808868447901,1.377339751E9,1,8c4adf5e-9a2c-46a6-b033-155030be00c3,10
516.1958613485726,1.377340665E9,1,8c4adf5e-9a2c-46a6-b033-155030be00c3,5
5.107159887141212,1.377335869E9,1,c9b51897-5c1b-4911-86e6-6e2ad991a05e,18
125.44935663978933,1.37733587686E9,1,c9b51897-5c1b-4911-86e6-6e2ad991a05e,18
954.1750117737113,1.377336070674E9,1,c9b51897-5c1b-4911-86e6-6e2ad991a05e,19
1186.4103279654482,1.377336416394E9,1,c9b51897-5c1b-4911-86e6-6e2ad991a05e,21
418.4630564249382,1.377336999827E9,1,c9b51897-5c1b-4911-86e6-6e2ad991a05e,15
527.0413440054049,1.377337671007E9,1,c9b51897-5c1b-4911-86e6-6e2ad991a05e,11
488.04295738512326,1.377337972608E9,1,c9b51897-5c1b-4911-86e6-6e2ad991a05e,13
119.04380004584257,1.377338229566E9,1,c9b51897-5c1b-4911-86e6-6e2ad991a05e,8
132.08547884220437,1.377338383019E9,1,c9b51897-5c1b-4911-86e6-6e2ad991a05e,24
482.97223826539994,1.377338548591E9,1,c9b51897-5c1b-4911-86e6-6e2ad991a05e,12
517.5702317359467,1.377338860568E9,1,c9b51897-5c1b-4911-86e6-6e2ad991a05e,22
386.724322320245,1.377339751041E9,1,c9b51897-5c1b-4911-86e6-6e2ad991a05e,10
57.745761245646015,1.377340336671E9,1,c9b51897-5c1b-4911-86e6-6e2ad991a05e,2
497.6832377771093,1.377340602456E9,1,c9b51897-5c1b-4911-86e6-6e2ad991a05e,5
834.0877074352474,1.377336436562E9,1,193d79a7-a086-41ab-9c92-55e6257b67c0,21
420.5852702572376,1.377337031E9,1,193d79a7-a086-41ab-9c92-55e6257b67c0,15
525.1621969778153,1.377337685E9,1,193d79a7-a086-41ab-9c92-55e6257b67c0,11
486.6690029681077,1.377337949541E9,1,193d79a7-a086-41ab-9c92-55e6257b67c0,13
123.5673463695975,1.377335311E9,1,ee553356-8a37-4ba9-8221-a9eddc5de44c,9
44.2135117980159,1.377335761365E9,1,ee553356-8a37-4ba9-8221-a9eddc5de44c,23
374.0257446871838,1.377336816133E9,1,ee553356-8a37-4ba9-8221-a9eddc5de44c,21
307.013054796824,1.37733732606E9,1,ee553356-8a37-4ba9-8221-a9eddc5de44c,15
264.7028508865567,1.377337705387E9,1,ee553356-8a37-4ba9-8221-a9eddc5de44c,14
371.7883673473859,1.377338024053E9,1,ee553356-8a37-4ba9-8221-a9eddc5de44c,13
473.9427250643954,1.377338636399E9,1,ee553356-8a37-4ba9-8221-a9eddc5de44c,12
798.4452815035703,1.377339156463E9,1,ee553356-8a37-4ba9-8221-a9eddc5de44c,22
228.44226943780419,1.377339795514E9,1,ee553356-8a37-4ba9-8221-a9eddc5de44c,5
159.92525841222715,1.377340066028E9,1,ee553356-8a37-4ba9-8221-a9eddc5de44c,3
57.05393306717367,1.37734046443E9,1,ee553356-8a37-4ba9-8221-a9eddc5de44c,2
224.4372299802527,1.37734048342E9,1,ee553356-8a37-4ba9-8221-a9eddc5de44c,1
86.28343694557168,1.377340861009E9,1,ee553356-8a37-4ba9-8221-a9eddc5de44c,6
141.9031057242082,1.377340980009E9,1,ee553356-8a37-4ba9-8221-a9eddc5de44c,24
46.295633590726815,1.377341280359E9,1,ee553356-8a37-4ba9-8221-a9eddc5de44c,18
399.44937303606724,1.377336854E9,1,74517e01-97e7-4c29-94e1-80468f3244fe,21
341.52247240843064,1.377337335E9,1,74517e01-97e7-4c29-94e1-80468f3244fe,15
418.54158182993524,1.377338051E9,1,74517e01-97e7-4c29-94e1-80468f3244fe,13
482.9026804813707,1.377338675E9,1,74517e01-97e7-4c29-94e1-80468f3244fe,12
809.2470065100457,1.377339168E9,1,74517e01-97e7-4c29-94e1-80468f3244fe,22
235.54979025614784,1.37733984E9,1,74517e01-97e7-4c29-94e1-80468f3244fe,5
152.49466030939752,1.377340119E9,1,74517e01-97e7-4c29-94e1-80468f3244fe,3
53.26801483505349,1.377340469E9,1,74517e01-97e7-4c29-94e1-80468f3244fe,2
223.73234479139506,1.377340497E9,1,74517e01-97e7-4c29-94e1-80468f3244fe,1
526.0936319056851,1.377341041E9,1,74517e01-97e7-4c29-94e1-80468f3244fe,24
54.45310224900329,1.377341303E9,1,74517e01-97e7-4c29-94e1-80468f3244fe,18
330.13032020408787,1.377336087E9,1,97089472-d48f-4ff0-9fcf-8e1a53572372,16
618.3097091544765,1.377336837E9,1,97089472-d48f-4ff0-9fcf-8e1a53572372,21
327.8905484736579,1.37733734E9,1,97089472-d48f-4ff0-9fcf-8e1a53572372,15
263.83649937884684,1.377337727E9,1,97089472-d48f-4ff0-9fcf-8e1a53572372,14
361.5646332971774,1.377338033E9,1,97089472-d48f-4ff0-9fcf-8e1a53572372,13
465.9123764293771,1.377338676E9,1,97089472-d48f-4ff0-9fcf-8e1a53572372,12
796.0681307196761,1.377339171E9,1,97089472-d48f-4ff0-9fcf-8e1a53572372,22
230.87265669533295,1.37733982E9,1,97089472-d48f-4ff0-9fcf-8e1a53572372,5
164.12440258734276,1.377340095E9,1,97089472-d48f-4ff0-9fcf-8e1a53572372,3
54.47500182190613,1.377340479E9,1,97089472-d48f-4ff0-9fcf-8e1a53572372,2
225.44251163561722,1.377340522E9,1,97089472-d48f-4ff0-9fcf-8e1a53572372,1
76.24456093477647,1.37734088E9,1,97089472-d48f-4ff0-9fcf-8e1a53572372,6
132.8373161575266,1.377341039E9,1,97089472-d48f-4ff0-9fcf-8e1a53572372,24
52.461190326974396,1.377341299E9,1,97089472-d48f-4ff0-9fcf-8e1a53572372,18
27.620973709359273,1.377331906E9,1,4e7eef4a-65ce-4b47-bca4-1285dd041bb3,9
37.872499414467775,1.377335789E9,1,4e7eef4a-65ce-4b47-bca4-1285dd041bb3,23
28.688060648200278,1.377336065E9,1,4e7eef4a-65ce-4b47-bca4-1285dd041bb3,16
580.5200912541383,1.377337682E9,1,4e7eef4a-65ce-4b47-bca4-1285dd041bb3,14
360.6144472689707,1.377338047E9,1,4e7eef4a-65ce-4b47-bca4-1285dd041bb3,13
477.8253983595788,1.377338661E9,1,4e7eef4a-65ce-4b47-bca4-1285dd041bb3,12
792.4406406740587,1.377339183E9,1,4e7eef4a-65ce-4b47-bca4-1285dd041bb3,22
238.75632901458195,1.377339811E9,1,4e7eef4a-65ce-4b47-bca4-1285dd041bb3,5
60.28319595767439,1.377340462E9,1,4e7eef4a-65ce-4b47-bca4-1285dd041bb3,2
224.61415446164216,1.377340496E9,1,4e7eef4a-65ce-4b47-bca4-1285dd041bb3,1
74.5732046920338,1.377340855E9,1,4e7eef4a-65ce-4b47-bca4-1285dd041bb3,6
121.36566810089151,1.377341031E9,1,4e7eef4a-65ce-4b47-bca4-1285dd041bb3,24
58.011112194633725,1.377341287E9,1,4e7eef4a-65ce-4b47-bca4-1285dd041bb3,18
475.60279086801654,1.377336181E9,1,8404313e-ce4b-436d-80d7-3aa063de974a,21
340.7069879379176,1.377337322E9,1,8404313e-ce4b-436d-80d7-3aa063de974a,15
257.16687272097306,1.377337728E9,1,8404313e-ce4b-436d-80d7-3aa063de974a,14
370.96315046073914,1.377338032E9,1,8404313e-ce4b-436d-80d7-3aa063de974a,13
476.6562654097444,1.377338676E9,1,8404313e-ce4b-436d-80d7-3aa063de974a,12
800.3879759239979,1.37733917E9,1,8404313e-ce4b-436d-80d7-3aa063de974a,22
233.13456764027896,1.37733983E9,1,8404313e-ce4b-436d-80d7-3aa063de974a,5
159.57444253978798,1.377340127E9,1,8404313e-ce4b-436d-80d7-3aa063de974a,3
236.11902367283366,1.377340514E9,1,8404313e-ce4b-436d-80d7-3aa063de974a,1
86.20478413507342,1.377340842E9,1,8404313e-ce4b-436d-80d7-3aa063de974a,6
143.26938587292761,1.377341042E9,1,8404313e-ce4b-436d-80d7-3aa063de974a,24
46.91803656781418,1.377341302E9,1,8404313e-ce4b-436d-80d7-3aa063de974a,18
94.8220774469025,1.37733547E9,1,acff7acd-a016-44e8-ae05-4a1b530c9551,9
78.59066357136513,1.37733578567E9,1,acff7acd-a016-44e8-ae05-4a1b530c9551,23
35.43185268670364,1.377336063015E9,1,acff7acd-a016-44e8-ae05-4a1b530c9551,16
397.55413655395404,1.377337276391E9,1,acff7acd-a016-44e8-ae05-4a1b530c9551,15
255.43699656805558,1.3773377314E9,1,acff7acd-a016-44e8-ae05-4a1b530c9551,14
367.2013964295031,1.377338025484E9,1,acff7acd-a016-44e8-ae05-4a1b530c9551,13
463.81485245996055,1.377338636385E9,1,acff7acd-a016-44e8-ae05-4a1b530c9551,12
805.2936442504222,1.377339155252E9,1,acff7acd-a016-44e8-ae05-4a1b530c9551,22
236.6421243673573,1.377339819379E9,1,acff7acd-a016-44e8-ae05-4a1b530c9551,5
310.6100770679267,1.377340075403E9,1,acff7acd-a016-44e8-ae05-4a1b530c9551,1
76.99098655315397,1.377340835434E9,1,acff7acd-a016-44e8-ae05-4a1b530c9551,6
111.89466785222768,1.377340970785E9,1,acff7acd-a016-44e8-ae05-4a1b530c9551,24
56.049547022713156,1.377341284419E9,1,acff7acd-a016-44e8-ae05-4a1b530c9551,18
25.802176826875655,1.377335518E9,1,8f017232-8154-4caf-9c91-065d5b5bd642,9
44.680384507290604,1.377335753999E9,1,8f017232-8154-4caf-9c91-065d5b5bd642,23
30.68041224225516,1.377336062999E9,1,8f017232-8154-4caf-9c91-065d5b5bd642,16
367.7132748714895,1.377336831999E9,1,8f017232-8154-4caf-9c91-065d5b5bd642,21
350.18305068928964,1.377337291E9,1,8f017232-8154-4caf-9c91-065d5b5bd642,15
260.4239019416413,1.377337706E9,1,8f017232-8154-4caf-9c91-065d5b5bd642,14
362.20016674335443,1.377338015E9,1,8f017232-8154-4caf-9c91-065d5b5bd642,13
483.39541021405387,1.377338666999E9,1,8f017232-8154-4caf-9c91-065d5b5bd642,12
800.8540957667209,1.377339156E9,1,8f017232-8154-4caf-9c91-065d5b5bd642,22
231.9379079662996,1.377339782E9,1,8f017232-8154-4caf-9c91-065d5b5bd642,5
162.3317453371191,1.377340097999E9,1,8f017232-8154-4caf-9c91-065d5b5bd642,3
59.76102958425968,1.377340436999E9,1,8f017232-8154-4caf-9c91-065d5b5bd642,2
226.69712768759595,1.377340454999E9,1,8f017232-8154-4caf-9c91-065d5b5bd642,1
79.03245152756503,1.377340833999E9,1,8f017232-8154-4caf-9c91-065d5b5bd642,6
138.51977821566516,1.377340982E9,1,8f017232-8154-4caf-9c91-065d5b5bd642,24
65.22149990953376,1.377341276E9,1,8f017232-8154-4caf-9c91-065d5b5bd642,18
