Question,Answer,Latitude,Longitude,Altitude,Accuracy,Altitude Accuracy,Heading,Speed,Timestamp,TeamId,DeviceType,DeviceI,x,y,Answer,AnswerInt,Distance
8,A,52.2194861295,6.8959346507,100,25,null,333,1.2510000467,1377336221000,AAH16,android,811a74ad-03db-45e3-8b2a-b35436abc04c,258094.744787953,471228.271865418,CC,1,132.76426599097084
7,C,52.2194861295,6.8959346507,100,25,null,333,1.2510000467,1377336221000,AAH16,android,811a74ad-03db-45e3-8b2a-b35436abc04c,258094.744787953,471228.271865418,CC,1,151.29312414844316
2,C,52.2194861295,6.8959346507,100,25,null,333,1.2510000467,1377336221000,AAH16,android,811a74ad-03db-45e3-8b2a-b35436abc04c,258094.744787953,471228.271865418,CD,2,210.9972765940196
3,A,52.2194861295,6.8959346507,100,25,null,333,1.2510000467,1377336221000,AAH16,android,811a74ad-03db-45e3-8b2a-b35436abc04c,258094.744787953,471228.271865418,CD,2,210.9972765940196
17,A,52.2194861295,6.8959346507,100,25,null,333,1.2510000467,1377336221000,AAH16,android,811a74ad-03db-45e3-8b2a-b35436abc04c,258094.744787953,471228.271865418,CD,2,302.7674340583953
4,Martin Meijers,52.2194861295,6.8959346507,100,25,null,333,1.2510000467,1377336221000,AAH16,android,811a74ad-03db-45e3-8b2a-b35436abc04c,258094.744787953,471228.271865418,CD,2,358.01556060812806
5,oranje,52.2165559838,6.9025909714,99.5999755859,15,null,193,1.9390499592,1377337457000,AAH16,android,811a74ad-03db-45e3-8b2a-b35436abc04c,258556.35183582,470911.79364324,CC,1,22.700411977689605
22,C,52.2164058639,6.8946881779,97.9000244141,10,null,283,0.8756999969,1377337927000,AAH16,android,811a74ad-03db-45e3-8b2a-b35436abc04c,258016.703788477,470883.836886964,CD,2,228.5209528734985
12,B,52.2200565599,6.8942817394,95.700012207,10,null,359,0.9382500052,1377338406000,AAH16,android,811a74ad-03db-45e3-8b2a-b35436abc04c,257980.490213112,471289.380509639,CC,1,11.936073436003971
13,dienst uitvoering onderwijs,52.218437721,6.8895181362,91.9000244141,5,null,179,0.4378499985,1377338875000,AAH16,android,811a74ad-03db-45e3-8b2a-b35436abc04c,257658.751427879,471102.538258745,CC,1,12.381755006091893
24,1.00,52.2198357806,6.8962089065,93.9000244141,10,null,106,0.18765001,1377339291000,AAH16,android,811a74ad-03db-45e3-8b2a-b35436abc04c,258112.673818713,471267.558695545,IC,3,12.928456268087338
6,blauw,52.2193624126,6.8966027722,101.299987793,15,null,166,0.5004000068,1377339570000,AAH16,android,811a74ad-03db-45e3-8b2a-b35436abc04c,258140.680845677,471215.459139569,CC,1,18.79003620514294
10,C,52.2183884354,6.8983039632,100,10,null,244,0.8131499887,1377339907000,AAH16,android,811a74ad-03db-45e3-8b2a-b35436abc04c,258259.173553714,471109.53047245,CC,1,45.51399262888627
20,C,52.2212670324,6.899217926,98.700012207,15,null,72,2.9398498535,1377340379000,AAH16,android,811a74ad-03db-45e3-8b2a-b35436abc04c,258314.943589486,471431.061116786,CD,2,200066.79574450807
16,B,52.2224026965,6.8958204892,101.9000244141,10,null,286,0.6880499721,1377340702000,AAH16,android,811a74ad-03db-45e3-8b2a-b35436abc04c,258080.19357214,471552.562538507,CC,1,59.080838272771345
19,B,52.222125968,6.8965851702,94.799987793,10,null,184,1.5637500286,1377340777000,AAH16,android,811a74ad-03db-45e3-8b2a-b35436abc04c,258133.078024432,471522.865275735,CC,1,40.1350971525402
15,D,52.2220575716,6.8904046901,93.299987793,10,null,300,2.1892499924,1377340986000,AAH16,android,811a74ad-03db-45e3-8b2a-b35436abc04c,257710.977997383,471506.483801222,CC,1,35.268286137369074
14,D,52.2217842797,6.8875414319,88.0999755859,5,null,248,0,1377341165000,AAH16,android,811a74ad-03db-45e3-8b2a-b35436abc04c,257515.985434946,471472.029455693,CC,1,165.75422889438718
11,D,52.2217842797,6.8875414319,88.0999755859,5,null,248,0,1377341165000,AAH16,android,811a74ad-03db-45e3-8b2a-b35436abc04c,257515.985434946,471472.029455693,CD,2,515.133584774511
23,1.5,52.2217842797,6.8875414319,88.0999755859,5,null,248,0,1377341165000,AAH16,android,811a74ad-03db-45e3-8b2a-b35436abc04c,257515.985434946,471472.029455693,CD,2,814.3167618326441
8,C,52.2199017,6.8960806,null,883,null,null,null,1377336116000,AAH16,android,5e4b0bfd-479f-4772-857d-af9df9ae046a,258103.754707524,471274.709437579,IC,3,87.7384218158716
7,C,52.2199017,6.8960806,null,883,null,null,null,1377336116000,AAH16,android,5e4b0bfd-479f-4772-857d-af9df9ae046a,258103.754707524,471274.709437579,CC,1,108.43111384772888
2,C,52.2181239,6.896661,null,50,null,null,null,1377336492000,AAH16,android,5e4b0bfd-479f-4772-857d-af9df9ae046a,258147.527676209,471077.763926699,CC,1,56.83319846652741
3,A,52.2181146825,6.8973154854,93.0999755859,25,null,109,0.9382500052,1377336463000,AAH16,android,5e4b0bfd-479f-4772-857d-af9df9ae046a,258192.268244393,471077.669733107,CC,1,37.737961325129575
17,A,52.21708111,6.8992995657,110.9000244141,35,null,35,0.3127500117,1377337108000,AAH16,android,5e4b0bfd-479f-4772-857d-af9df9ae046a,258330.232976541,470965.515716357,CD,2,292.3061622666698
4,Martin meijers,52.2170548327,6.8992831372,112.4000244141,20,null,191,0.2502000034,1377337150000,AAH16,android,5e4b0bfd-479f-4772-857d-af9df9ae046a,258329.171399142,470962.569096208,CC,1,15.55945827169761
5,oranje,52.2164740087,6.9025816675,97.299987793,10,null,346,0,1377337415000,AAH16,android,5e4b0bfd-479f-4772-857d-af9df9ae046a,258555.906699793,470902.661070184,CC,1,13.971105920774965
22,C,52.2163880942,6.8944794685,102.0999755859,5,null,331,0,1377337954000,AAH16,android,5e4b0bfd-479f-4772-857d-af9df9ae046a,258002.483779021,470881.563613105,CD,2,214.1236422521208
12,B,52.2200612957,6.894352315,91.5,15,null,329,0.9382500052,1377338403000,AAH16,android,5e4b0bfd-479f-4772-857d-af9df9ae046a,257985.301294224,471290.00757754,CC,1,16.782799057060647
13,dienst uitvoering onderwijs,52.2185014235,6.8895837665,86.4000244141,5,null,278,0,1377338889000,AAH16,android,5e4b0bfd-479f-4772-857d-af9df9ae046a,257663.08890031,471109.717756509,CC,1,19.005049193670747
24,1,52.21970079,6.8961768039,78,15,null,321,0,1377339394000,AAH16,android,5e4b0bfd-479f-4772-857d-af9df9ae046a,258110.792959112,471252.496043883,CC,1,16.980332624264168
6,blauw,52.2192976205,6.8965601921,109,20,null,26,0,1377339523000,AAH16,android,5e4b0bfd-479f-4772-857d-af9df9ae046a,258137.921592662,471208.190791327,CC,1,11.394766029398584
10,A,52.2188553074,6.8987421691,105.4000244141,20,null,231,0,1377340132000,AAH16,android,5e4b0bfd-479f-4772-857d-af9df9ae046a,258288.032022004,471162.091626323,IC,3,14.516225563405287
20,C,52.2209895076,6.8982298672,102,20,null,331,2.3143498898,1377340312000,AAH16,android,5e4b0bfd-479f-4772-857d-af9df9ae046a,258248.080426822,471398.780572337,CD,2,199999.93645817004
16,B,52.2225048719,6.8959434517,109.700012207,15,null,60,0.0625500008,1377340652000,AAH16,android,5e4b0bfd-479f-4772-857d-af9df9ae046a,258088.357929049,471564.103837213,CC,1,62.22200076931959
19,B,52.2220933624,6.8966508843,104.700012207,5,null,189,0,1377340789000,AAH16,android,5e4b0bfd-479f-4772-857d-af9df9ae046a,258137.643203185,471519.331540918,CC,1,44.68151871605543
15,D,52.2220369522,6.8903279118,88.9000244141,15,null,261,0.8756999969,1377341094000,AAH16,android,5e4b0bfd-479f-4772-857d-af9df9ae046a,257705.779956161,471504.081242048,CC,1,36.38083377324915
14,B,52.2218037676,6.8876527436,87.5,15,null,272,2.064150095,1377341166000,AAH16,android,5e4b0bfd-479f-4772-857d-af9df9ae046a,257523.545584944,471474.35476825,IC,3,170.92320992750953
11,D,52.2217958048,6.8875487242,89,10,null,94,0.5629500151,1377341239000,AAH16,android,5e4b0bfd-479f-4772-857d-af9df9ae046a,257516.457126449,471473.321875749,CD,2,514.7353406503125
23,1.5,52.2217958048,6.8875487242,89,10,null,94,0.5629500151,1377341239000,AAH16,android,5e4b0bfd-479f-4772-857d-af9df9ae046a,257516.457126449,471473.321875749,CD,2,814.1993594505343
8,A,52.2183426,6.8965017,null,22.861000061,null,null,null,1377336342655,AAH16,android,198ffa6e-9f01-42d1-a905-16492ef1f0be,258136.136684987,471101.866562908,CD,2,263.58617951000997
7,C,52.2183426,6.8965017,null,22.861000061,null,null,null,1377336342655,AAH16,android,198ffa6e-9f01-42d1-a905-16492ef1f0be,258136.136684987,471101.866562908,CD,2,283.57966031613324
2,C,52.2181934,6.8967162,null,30,null,null,null,1377336362745,AAH16,android,198ffa6e-9f01-42d1-a905-16492ef1f0be,258151.138375512,471085.573959947,CC,1,59.89333588217546
3,A,52.2181934,6.8967162,null,30,null,null,null,1377336362745,AAH16,android,198ffa6e-9f01-42d1-a905-16492ef1f0be,258151.138375512,471085.573959947,CC,1,59.89333588217546
17,A,52.2179154,6.8972497,null,35.1819992065,null,null,null,1377336386224,AAH16,android,198ffa6e-9f01-42d1-a905-16492ef1f0be,258188.235021491,471055.406986403,CD,2,285.29760351079364
4,martin meijers,52.2166618472,6.8993042596,127.0999755859,20,null,60,0,1377336881000,AAH16,android,198ffa6e-9f01-42d1-a905-16492ef1f0be,258331.526404946,470918.881655153,CC,1,33.184475240624856
5,geel,52.2166052694,6.9026858546,107.799987793,35,null,135,0,1377337415000,AAH16,android,198ffa6e-9f01-42d1-a905-16492ef1f0be,258562.720569055,470917.411908086,IC,3,30.219622466163138
22,C,52.21653922,6.8943061307,105.4000244141,15,null,271,0,1377337955000,AAH16,android,198ffa6e-9f01-42d1-a905-16492ef1f0be,257990.290154175,470898.129359298,CD,2,205.0960603923453
12,B,52.220004634,6.8942805659,94.4000244141,10,null,55,0.37530002,1377338408000,AAH16,android,198ffa6e-9f01-42d1-a905-16492ef1f0be,257980.530106222,471283.602354613,CC,1,12.312440004715803
13,dienst uitvoering onderwijs,52.21855029,6.8895060662,90.299987793,50,null,61,0,1377338883000,AAH16,android,198ffa6e-9f01-42d1-a905-16492ef1f0be,257657.667248609,471115.043899511,CC,1,18.437519993194933
24,1,52.2197520034,6.8962043803,78.0999755859,10,null,167,0,1377339390000,AAH16,android,198ffa6e-9f01-42d1-a905-16492ef1f0be,258112.558538185,471258.23248197,CC,1,14.604681297902639
6,blauw,52.2193348361,6.8963786401,73.5999755859,15,null,166,0,1377339532000,AAH16,android,198ffa6e-9f01-42d1-a905-16492ef1f0be,258125.43078732,471212.072613029,CC,1,12.908357365009245
10,C,52.2180147,6.8976074,null,36,null,null,null,1377339908640,AAH16,android,198ffa6e-9f01-42d1-a905-16492ef1f0be,258212.445682476,471066.962674823,CC,1,107.04570607306619
20,C,52.2214915,6.8974688,null,30,null,null,null,1377340345720,AAH16,android,198ffa6e-9f01-42d1-a905-16492ef1f0be,258194.918869352,471453.541193785,CD,2,199946.7714027001
16,B,52.2225059615,6.8957767356,104.9000244141,15,null,218,0,1377340651000,AAH16,android,198ffa6e-9f01-42d1-a905-16492ef1f0be,258076.96526624,471563.988038705,CC,1,51.40522824091885
19,B,52.2219891753,6.8967352062,106.200012207,20,null,142,0,1377340790000,AAH16,android,198ffa6e-9f01-42d1-a905-16492ef1f0be,258143.645491169,471507.861207967,CC,1,52.31216946471171
15,D,52.2220987268,6.8903615233,92.200012207,15,null,317,0,1377341039000,AAH16,android,198ffa6e-9f01-42d1-a905-16492ef1f0be,257707.933863869,471511.000964601,CC,1,30.06476758540108
14,D,52.2218722058,6.8875099998,88.0999755859,15,null,289,0,1377341220000,AAH16,android,198ffa6e-9f01-42d1-a905-16492ef1f0be,257513.635530685,471481.766357972,CC,1,173.93272187532614
11,D,52.2219359921,6.8872199859,134.299987793,10,null,297,0.2502000034,1377341231000,AAH16,android,198ffa6e-9f01-42d1-a905-16492ef1f0be,257493.67448929,471488.452287922,CD,2,538.5273834394359
23,1.5,52.2218979802,6.8873318844,106.9000244141,10,null,189,0,1377341250000,AAH16,android,198ffa6e-9f01-42d1-a905-16492ef1f0be,257501.407063909,471484.381829071,CD,2,831.6503247202194
23,1.5,52.2210752964,6.8952941895,96,24,null,349.8046875,0,1377336469000,AAG04,android,6ea8539c-ed7e-4249-8391-5cea801a884a,258047.30792361,471404.148051425,CD,2,292.89237065941626
11,D,52.2213327885,6.8951654434,94,4,null,297.7734375,0,1377337043000,AAG04,android,6ea8539c-ed7e-4249-8391-5cea801a884a,258037.915861149,471432.609760845,CC,1,13.439084100009644
15,D,52.2220817833,6.8902546167,null,41,null,null,null,1377337527000,AAG04,android,6ea8539c-ed7e-4249-8391-5cea801a884a,257700.668943682,471508.964660672,CC,1,31.042547782897056
21,2000,52.2301840782,6.8931591511,91,24,null,332.9296875,0,1377338778000,AAG04,android,6ea8539c-ed7e-4249-8391-5cea801a884a,257880.388135065,472414.422200932,CC,1,10.649309525677468
19,B,52.23035458,6.89286547,null,41,null,null,null,1377338871000,AAG04,android,6ea8539c-ed7e-4249-8391-5cea801a884a,257859.933199975,472432.973014245,CD,2,941.3567467348158
16,B,52.2218316793,6.8954336643,92,12,null,300.234375,0,1377339564000,AAG04,android,6ea8539c-ed7e-4249-8391-5cea801a884a,258055.08683936,471488.489970006,CC,1,96.48260154608946
20,C,52.2218316793,6.8954282999,92,16,null,300.234375,0,1377339603000,AAG04,android,6ea8539c-ed7e-4249-8391-5cea801a884a,258054.720334866,471488.482345827,CD,2,199806.57847766005
7,C,52.2215954,6.8952461,null,80,null,null,null,1377339929000,AAG04,android,6ea8539c-ed7e-4249-8391-5cea801a884a,258042.818863361,471461.938554034,CC,1,88.49254938673704
24,1,52.2192674875,6.8963617086,94,8,null,144.140625,0,1377340539000,AAG04,android,6ea8539c-ed7e-4249-8391-5cea801a884a,258124.429884121,471204.556353023,CC,1,65.7178871021939
6,blauw,52.2192674875,6.8963617086,94,8,null,144.140625,0,1377340539000,AAG04,android,6ea8539c-ed7e-4249-8391-5cea801a884a,258124.429884121,471204.556353023,CC,1,7.19628680470615
10,C,52.2192674875,6.8963617086,94,6,null,144.140625,0,1377340586000,AAG04,android,6ea8539c-ed7e-4249-8391-5cea801a884a,258124.429884121,471204.556353023,CC,1,164.85889909184488
17,A,52.21915338,6.89636311,null,21,null,null,null,1377340843000,AAG04,android,6ea8539c-ed7e-4249-8391-5cea801a884a,258124.789857041,471191.864482689,CD,2,278.1085579198419
4,martijn meijers,52.2169929743,6.8990170956,102,6,null,110.0390625,0,1377341489000,AAG04,android,6ea8539c-ed7e-4249-8391-5cea801a884a,258311.136555956,470955.308605095,IC,3,10.331598539233342
3,A,52.2169929743,6.8990170956,102,6,null,110.0390625,0,1377341489000,AAG04,android,6ea8539c-ed7e-4249-8391-5cea801a884a,258311.136555956,470955.308605095,CC,1,147.80628389833004
2,B,52.2169929743,6.8990170956,102,6,null,110.0390625,0,1377341489000,AAG04,android,6ea8539c-ed7e-4249-8391-5cea801a884a,258311.136555956,470955.308605095,IC,3,147.80628389833004
12,B,52.2169822454,6.8990331888,96,4,null,110.0390625,0,1377341624000,AAG04,android,6ea8539c-ed7e-4249-8391-5cea801a884a,258312.261074972,470954.138000885,CD,2,478.46287086578684
13,Dienst Uitvoering Onderwijs,52.2169822454,6.8990278244,96,6,null,110.0390625,0,1377341645000,AAG04,android,6ea8539c-ed7e-4249-8391-5cea801a884a,258311.894530832,470954.130357933,CD,2,681.1961118316121
22,C,52.2169822454,6.8990278244,96,6,null,110.0390625,0,1377341645000,AAG04,android,6ea8539c-ed7e-4249-8391-5cea801a884a,258311.894530832,470954.130357933,CD,2,531.3670785237673
14,C,52.2169822454,6.8990278244,96,6,null,110.0390625,0,1377341645000,AAG04,android,6ea8539c-ed7e-4249-8391-5cea801a884a,258311.894530832,470954.130357933,ID,4,934.0793783507357
9,C,52.2169822454,6.8990278244,96,6,null,110.0390625,0,1377341645000,AAG04,android,6ea8539c-ed7e-4249-8391-5cea801a884a,258311.894530832,470954.130357933,CD,2,424.89158072713343
23,1.5,52.2211976729,6.8952742448,371.4049344806,96,null,null,0,1377336429857,AAG04,android,f3677da1-d254-45b9-8d4e-8ae7fa3e0419,258045.66207809,471417.733461382,CD,2,301.22111839683873
11,D,52.2213597969,6.8951536174,94.4386656479,8,null,353.2204284668,0,1377336990000,AAG04,android,f3677da1-d254-45b9-8d4e-8ae7fa3e0419,258037.045390501,471435.597501278,CC,1,10.52496542921313
15,D,52.2223028133,6.8902437915,94.5929115395,12,null,197.8473510742,0,1377337579999,AAG04,android,f3677da1-d254-45b9-8d4e-8ae7fa3e0419,257699.419610612,471533.537804267,CC,1,6.488206649995063
21,2000,52.2304059075,6.8928577637,121.0480234452,24,null,null,0,1377338732391,AAG04,android,f3677da1-d254-45b9-8d4e-8ae7fa3e0419,257859.288209068,472438.672013297,CC,1,35.653677551449555
19,B,52.2219979006,6.8966899522,92.4813640894,6,null,98.6749267578,0,1377339421000,AAG04,android,f3677da1-d254-45b9-8d4e-8ae7fa3e0419,258140.533467722,471508.767480496,CC,1,49.07253475629286
16,B,52.2217874014,6.8952817375,88.7735816758,12,null,0.4196618199,0,1377339567999,AAG04,android,f3677da1-d254-45b9-8d4e-8ae7fa3e0419,258044.809410288,471483.348365433,CC,1,99.24344357643106
20,C,52.2214062742,6.8976270911,84.7016077051,8,null,246.7982788086,0,1377339776999,AAG04,android,f3677da1-d254-45b9-8d4e-8ae7fa3e0419,258205.931164476,471444.28555622,CD,2,199957.78323600872
7,C,52.2205814341,6.8953110048,83.3301322293,16,null,333.1604919434,0,1377340188999,AAG04,android,f3677da1-d254-45b9-8d4e-8ae7fa3e0419,258049.599569718,471349.23231987,CC,1,33.90713539676266
24,1,52.2197561808,6.8962373736,84.0867806798,6,null,198.6559448242,0,1377340392999,AAG04,android,f3677da1-d254-45b9-8d4e-8ae7fa3e0419,258114.80312657,471258.744113918,CC,1,16.368626199070864
6,blauw,52.2193330645,6.8963576866,92.7748241581,6,null,95.5712051392,0,1377340503000,AAG04,android,f3677da1-d254-45b9-8d4e-8ae7fa3e0419,258124.003232492,471211.845731853,CC,1,13.277145162945724
10,C,52.2193319975,6.8963600161,91.3087696146,8,null,95.5712051392,0,1377340658000,AAG04,android,f3677da1-d254-45b9-8d4e-8ae7fa3e0419,258124.164867292,471211.730346653,CC,1,167.6163007705964
17,A,52.2193319975,6.8963600161,89.2782573384,6,null,95.5712051392,0,1377340785000,AAG04,android,f3677da1-d254-45b9-8d4e-8ae7fa3e0419,258124.164867292,471211.730346653,CD,2,275.2510465408544
4,martin meijers,52.2169852942,6.8990996803,100.4605121547,12,null,315.0640869141,0,1377341443999,AAG04,android,f3677da1-d254-45b9-8d4e-8ae7fa3e0419,258316.797300959,470954.571899953,CC,1,5.582074016661883
3,C,52.2169852942,6.8990996803,100.227929077,12,null,315.0640869141,0,1377341461999,AAG04,android,f3677da1-d254-45b9-8d4e-8ae7fa3e0419,258316.797300959,470954.571899953,IC,3,152.890535377857
2,C,52.2169852942,6.8990996803,97.5055383134,8,null,315.0640869141,0,1377341516999,AAG04,android,f3677da1-d254-45b9-8d4e-8ae7fa3e0419,258316.797300959,470954.571899953,CC,1,152.890535377857
12,B,52.2169527557,6.8990091783,93.5293373129,16,null,315.0640869141,0,1377341645999,AAG04,android,f3677da1-d254-45b9-8d4e-8ae7fa3e0419,258310.688864775,470950.823219962,CD,2,479.65415251897895
13,dienst uitvoerend onderwijs,52.2169517795,6.8989973711,91.6956966117,16,null,315.0640869141,0,1377341674999,AAG04,android,f3677da1-d254-45b9-8d4e-8ae7fa3e0419,258309.8843543,470950.697800844,ID,4,679.9799519844083
22,C,52.2169382038,6.8989863896,88.2871783996,8,null,315.0640869141,0,1377341718999,AAG04,android,f3677da1-d254-45b9-8d4e-8ae7fa3e0419,258309.1654881,470949.171930971,CD,2,527.7572557216472
14,D,52.2169382038,6.8989863896,87.4992813944,12,null,315.0640869141,0,1377341737999,AAG04,android,f3677da1-d254-45b9-8d4e-8ae7fa3e0419,258309.1654881,470949.171930971,CD,2,933.5216163560425
9,C,52.2169382038,6.8989863896,87.3304220934,8,null,315.0640869141,0,1377341747999,AAG04,android,f3677da1-d254-45b9-8d4e-8ae7fa3e0419,258309.1654881,470949.171930971,CD,2,428.4019531702208
23,1.5,52.2208794,6.89531949,null,45,null,null,null,1377336343000,AAG04,android,8342c4d0-2073-43dd-8cdf-ebe8cd71b824,258049.489823764,471382.391544689,CD,2,280.83964248015633
11,D,52.22131222,6.89530514,null,45,null,null,null,1377336871000,AAG04,android,8342c4d0-2073-43dd-8cdf-ebe8cd71b824,258047.507861024,471430.520141521,CC,1,21.649660940441375
15,D,52.2223480833,6.8920682,null,113,null,null,null,1377337336000,AAG04,android,8342c4d0-2073-43dd-8cdf-ebe8cd71b824,257823.960412181,471541.159442959,CC,1,123.96583439021205
21,2000,52.23047937,6.89275893,null,61,null,null,null,1377338727000,AAG04,android,8342c4d0-2073-43dd-8cdf-ebe8cd71b824,257852.367314248,472446.704150072,CC,1,45.88259170771265
19,B,52.22187867,6.89657514,null,45,null,null,null,1377339374000,AAG04,android,8342c4d0-2073-43dd-8cdf-ebe8cd71b824,258132.965471814,471495.340386286,CC,1,47.46006012391054
16,B,52.221665,6.895866,null,83,null,null,null,1377339536000,AAG04,android,8342c4d0-2073-43dd-8cdf-ebe8cd71b824,258085.010546851,471470.562306506,CC,1,124.25829337395506
20,C,52.22175379,6.8966306,null,45,null,null,null,1377339671000,AAG04,android,8342c4d0-2073-43dd-8cdf-ebe8cd71b824,258137.043806169,471481.527016869,CD,2,199888.90034346338
7,C,52.22175379,6.8966306,null,45,null,null,null,1377339671000,AAG04,android,8342c4d0-2073-43dd-8cdf-ebe8cd71b824,258137.043806169,471481.527016869,CC,1,124.67832780774111
24,1,52.22081445,6.89547775,null,96,null,null,null,1377340222000,AAG04,android,8342c4d0-2073-43dd-8cdf-ebe8cd71b824,258060.452942885,471375.391119319,CC,1,116.7333218471113
6,blauw,52.22081445,6.89547775,null,96,null,null,null,1377340222000,AAG04,android,8342c4d0-2073-43dd-8cdf-ebe8cd71b824,258060.452942885,471375.391119319,CC,1,188.6765430288958
10,C,52.22081445,6.89547775,null,96,null,null,null,1377340222000,AAG04,android,8342c4d0-2073-43dd-8cdf-ebe8cd71b824,258060.452942885,471375.391119319,CD,2,314.6459390421849
17,A,52.22081445,6.89547775,null,96,null,null,null,1377340222000,AAG04,android,8342c4d0-2073-43dd-8cdf-ebe8cd71b824,258060.452942885,471375.391119319,CD,2,358.82916122674294
4,Martin Meijers,52.21695255,6.89887685,null,182,null,null,null,1377341366000,AAG04,android,8342c4d0-2073-43dd-8cdf-ebe8cd71b824,258301.647474013,470950.611812424,CC,1,18.36272105504466
3,C,52.21695255,6.89887685,null,182,null,null,null,1377341366000,AAG04,android,8342c4d0-2073-43dd-8cdf-ebe8cd71b824,258301.647474013,470950.611812424,IC,3,143.0223987059792
2,C,52.21702798,6.89929005,null,50,null,null,null,1377341500000,AAG04,android,8342c4d0-2073-43dd-8cdf-ebe8cd71b824,258329.706041514,470959.591727175,CC,1,161.19326404726823
12,B,52.21709284,6.89909977,null,26,null,null,null,1377341605000,AAG04,android,8342c4d0-2073-43dd-8cdf-ebe8cd71b824,258316.553954725,470966.535925175,CD,2,473.0640144749783
13,Dienst Uitvoerend Onderwijs,52.21709284,6.89909977,null,26,null,null,null,1377341605000,AAG04,android,8342c4d0-2073-43dd-8cdf-ebe8cd71b824,258316.553954725,470966.535925175,ID,4,683.2105665647555
22,C,52.21709284,6.89909977,null,26,null,null,null,1377341605000,AAG04,android,8342c4d0-2073-43dd-8cdf-ebe8cd71b824,258316.553954725,470966.535925175,CD,2,538.4332322579598
14,D,52.21709284,6.89909977,null,26,null,null,null,1377341605000,AAG04,android,8342c4d0-2073-43dd-8cdf-ebe8cd71b824,258316.553954725,470966.535925175,CD,2,933.6151796105984
9,C,52.21709284,6.89909977,null,26,null,null,null,1377341605000,AAG04,android,8342c4d0-2073-43dd-8cdf-ebe8cd71b824,258316.553954725,470966.535925175,CD,2,415.41586176537834
8,A,52.22083742,6.89546788,87.8000030518,18,null,119.9000015259,0.7071067691,1377336240859,AAG07,android,cf129e6a-7aa0-4492-81c5-e27b83aa2f68,258059.725435898,471377.932384636,CC,1,32.06518358712033
18,D,52.2209655,6.89533217,76.4000015259,5,null,299.799987793,0.5,1377336334000,AAG07,android,cf129e6a-7aa0-4492-81c5-e27b83aa2f68,258050.15692548,471391.987745361,CC,1,11.561107130094582
24,1,52.21982103,6.89616456,85.8000030518,39,null,null,0,1377336651000,AAG07,android,cf129e6a-7aa0-4492-81c5-e27b83aa2f68,258109.678010085,471265.854706882,CC,1,9.777503408427009
6,blauw,52.21918674,6.89636853,95.0999984741,5,null,null,0,1377336771000,AAG07,android,cf129e6a-7aa0-4492-81c5-e27b83aa2f68,258125.082935448,471195.583316714,CC,1,6.6094337925022
8,A,52.2207946777,6.8955302238,75,2.0808651447,null,0,0.3051804304,1377336240000,AAG07,android,e3339549-b424-4d84-8bad-7ab740047b3f,258064.083878674,471373.266136651,CC,1,25.938207308490995
18,D,52.2209129333,6.8954443932,79,1.6401219368,null,315.2142333984,0.744571507,1377336318000,AAG07,android,e3339549-b424-4d84-8bad-7ab740047b3f,258057.945993543,471386.299467062,CC,1,10.17313633835149
24,1,52.2197532654,6.896173954,91,2.1931712627,null,0,0,1377336577000,AAG07,android,e3339549-b424-4d84-8bad-7ab740047b3f,258110.476745474,471258.329606239,CC,1,12.78839852474122
6,blauw,52.2191848755,6.8963670731,102,1.4866068363,null,0,0,1377336750000,AAG07,android,e3339549-b424-4d84-8bad-7ab740047b3f,258124.98770914,471195.373828833,CC,1,6.820888456185533
1,C,52.2181777954,6.8965601921,92,2.0615530014,null,0,0,1377336987000,AAG07,android,e3339549-b424-4d84-8bad-7ab740047b3f,258140.514932627,471083.616113045,CC,1,65.96315039524667
2,C,52.2175674438,6.8977832794,92,2.5495097637,null,0,0,1377337296000,AAG07,android,e3339549-b424-4d84-8bad-7ab740047b3f,258225.499680271,471017.458144756,CC,1,42.05190289612744
3,A,52.2175674438,6.8977618217,92,1.5620499849,null,0,0,1377337362000,AAG07,android,e3339549-b424-4d84-8bad-7ab740047b3f,258224.033515772,471017.42759852,CC,1,40.838627601533105
4,martin meijers,52.21692276,6.8993926048,133,36.6230812073,null,0,0,1377337634000,AAG07,android,e3339549-b424-4d84-8bad-7ab740047b3f,258336.957629139,470948.032708775,CC,1,17.07136259295461
5,oranje,52.216632843,6.902654171,114,18.4361057281,null,0,0,1377337951000,AAG07,android,e3339549-b424-4d84-8bad-7ab740047b3f,258560.491530298,470920.434071519,CC,1,32.19169018889198
22,C,52.2165908813,6.9026327133,107,2.1023795605,null,0,0,1377338169000,AAG07,android,e3339549-b424-4d84-8bad-7ab740047b3f,258559.122902701,470915.735414391,CD,2,771.3729696223838
12,B,52.219871521,6.8943715096,102,2.607681036,null,286.8090820313,0.4296979606,1377339110000,AAG07,android,e3339549-b424-4d84-8bad-7ab740047b3f,257987.051607852,471268.923383965,CC,1,25.861178483996113
13,dienst uitvoering onderwijs,52.2199897766,6.8942427635,94,2.561249733,null,0,0,1377339146000,AAG07,android,e3339549-b424-4d84-8bad-7ab740047b3f,257977.981633374,471281.89585882,CD,2,377.89345488092096
14,D,52.2199707031,6.8942642212,91,2.7802877426,null,37.9412841797,0.3265573382,1377339202000,AAG07,android,e3339549-b424-4d84-8bad-7ab740047b3f,257979.491823603,471279.80450431,CD,2,528.8870924486348
15,D,52.219959259,6.8942856789,91,1.720465064,null,0,0,1377339222000,AAG07,android,e3339549-b424-4d84-8bad-7ab740047b3f,257980.984373052,471278.561881625,CD,2,383.799567012385
21,2000,52.219959259,6.8942856789,91,1.720465064,null,0,0,1377339222000,AAG07,android,e3339549-b424-4d84-8bad-7ab740047b3f,257980.984373052,471278.561881625,CD,2,1144.9289831229776
19,C,52.219959259,6.8942856789,91,1.6401219368,null,0,0,1377339245000,AAG07,android,e3339549-b424-4d84-8bad-7ab740047b3f,257980.984373052,471278.561881625,ID,4,266.9900512131098
16,B,52.219959259,6.8942856789,91,2.2203605175,null,0,0,1377339258000,AAG07,android,e3339549-b424-4d84-8bad-7ab740047b3f,257980.984373052,471278.561881625,CD,2,306.4018770195453
11,D,52.219959259,6.8942856789,91,2.2203605175,null,0,0,1377339258000,AAG07,android,e3339549-b424-4d84-8bad-7ab740047b3f,257980.984373052,471278.561881625,CC,1,172.36553865041571
23,1.2,52.219959259,6.8942856789,92,1.9416488409,null,0,0,1377339294000,AAG07,android,e3339549-b424-4d84-8bad-7ab740047b3f,257980.984373052,471278.561881625,ID,4,321.72315979356773
9,C,52.219959259,6.8942856789,92,1.6401219368,null,0,0,1377339305000,AAG07,android,e3339549-b424-4d84-8bad-7ab740047b3f,257980.984373052,471278.561881625,CC,1,176.83894094606518
8,A,52.2208330333,6.8955135607,89.7245231574,6,null,2.8763098717,0,1377336290999,AAG07,android,fc39f6d2-ee77-4909-87a8-4670b4d24058,258062.856636944,471377.50931443,CC,1,29.221966479612544
18,D,52.2197926055,6.8961623128,90.1906946486,6,null,169.6877441406,0,1377336672999,AAG07,android,fc39f6d2-ee77-4909-87a8-4670b4d24058,258109.590280672,471262.689433767,CC,1,141.8942680688926
24,1,52.2197941412,6.8961203636,90.9714014371,12,null,266.7863464355,0.6625211835,1377336685999,AAG07,android,fc39f6d2-ee77-4909-87a8-4670b4d24058,258106.720557151,471262.800621924,CC,1,7.339708889182196
6,blauw,52.2192091272,6.896339995,98.2388629836,8,null,348.3881835938,0,1377336788999,AAG07,android,fc39f6d2-ee77-4909-87a8-4670b4d24058,258123.081424755,471198.03319379,CC,1,7.19270533864665
1,C,52.2181940336,6.8966384152,96.3448828486,12,null,174.2910766602,1.4054377079,1377336985999,AAG07,android,fc39f6d2-ee77-4909-87a8-4670b4d24058,258145.822091786,471085.533794973,CC,1,63.44299850107808
23,1.5,52.22146738,6.89514656,106,20,null,null,0,1377336726000,AAD12,android,3d4859a7-43a0-4dd2-8273-356858b13596,258036.314295415,471447.555538226,CD,2,325.4628715857194
11,D,52.22142225,6.89512475,102,6,null,null,0,1377336759000,AAD12,android,3d4859a7-43a0-4dd2-8273-356858b13596,258034.92860523,471442.504066559,CC,1,4.7444255101066135
15,D,52.22203512,6.89053462,77,3,null,null,0,1377337269000,AAD12,android,3d4859a7-43a0-4dd2-8273-356858b13596,257719.906770332,471504.170229218,CC,1,40.988437141946136
21,2000,52.23110958,6.88882628,93,3,null,null,0,1377337915792,AAD12,android,3d4859a7-43a0-4dd2-8273-356858b13596,257582.282116164,472511.240617184,CD,2,320.5843745580172
19,B,52.22198887,6.8966317,98,4,null,null,0,1377339518000,AAD12,android,3d4859a7-43a0-4dd2-8273-356858b13596,258136.574513862,471507.680014489,CC,1,45.55172915336868
16,B,52.22240544,6.89570346,91,5,null,null,0,1377339665000,AAD12,android,3d4859a7-43a0-4dd2-8273-356858b13596,258072.1917007,471552.701375488,CC,1,52.15417954028749
20,C,52.22112846,6.89895642,90,9,null,3,0.75,1377340111000,AAD12,android,3d4859a7-43a0-4dd2-8273-356858b13596,258297.398289682,471415.273092924,CD,2,200049.2516892886
23,1.5,52.221390456,6.8952402938,90.2,10,null,28.7800006866,1.3125,1377336577000,AAD12,android,2dc12d62-5822-4216-9ee3-829062b586d5,258042.896384613,471439.131339097,CD,2,315.2417349366354
11,D,52.2212830419,6.8951524515,91.6,5,null,160.9299926758,0.5,1377336643000,AAD12,android,2dc12d62-5822-4216-9ee3-829062b586d5,258037.143323482,471427.05724643,CC,1,17.988869110206537
15,D,52.2219676338,6.890725214,64.7,5,null,353.4400024414,1,1377337247000,AAD12,android,2dc12d62-5822-4216-9ee3-829062b586d5,257733.084100902,471496.932749281,CC,1,54.3078798793207
21,2000,52.2309977096,6.8888567202,63.2,5,null,301.3999938965,0.0625,1377337905000,AAD12,android,2dc12d62-5822-4216-9ee3-829062b586d5,257584.619183617,472498.838642802,CD,2,315.00814462962705
19,B,52.2220068192,6.8965647183,87.4,5,null,322.9700012207,0.375,1377339487000,AAD12,android,2dc12d62-5822-4216-9ee3-829062b586d5,258131.956664283,471509.581498668,CC,1,40.583345054424015
16,B,52.2224665666,6.895417152,86.2,5,null,63.0699996948,0.6875,1377339667000,AAD12,android,2dc12d62-5822-4216-9ee3-829062b586d5,258052.489471025,471559.094447881,CC,1,32.62217317048803
20,C,52.2196985688,6.8987964001,88.2,5,null,5.2100000381,1.6875,1377339933000,AAD12,android,2dc12d62-5822-4216-9ee3-829062b586d5,258289.78165485,471255.977258271,CD,2,200041.71732308317
7,C,52.2196985688,6.8987964001,88.2,5,null,5.2100000381,1.6875,1377339933000,AAD12,android,2dc12d62-5822-4216-9ee3-829062b586d5,258289.78165485,471255.977258271,CD,2,252.24040688937959
24,1,52.2200754192,6.8956518453,76.9,15,null,175.1499938965,1.125,1377340744000,AAD12,android,2dc12d62-5822-4216-9ee3-829062b586d5,258074.058157303,471293.425232847,CC,1,38.03185990815231
6,blauw,52.2200754192,6.8956518453,76.9,15,null,175.1499938965,1.125,1377340744000,AAD12,android,2dc12d62-5822-4216-9ee3-829062b586d5,258074.058157303,471293.425232847,CC,1,108.8933602055275
10,C,52.2200754192,6.8956518453,76.9,15,null,175.1499938965,1.125,1377340744000,AAD12,android,2dc12d62-5822-4216-9ee3-829062b586d5,258074.058157303,471293.425232847,CD,2,250.96382207531815
17,A,52.2200754192,6.8956518453,76.9,15,null,175.1499938965,1.125,1377340744000,AAD12,android,2dc12d62-5822-4216-9ee3-829062b586d5,258074.058157303,471293.425232847,CD,2,325.54960467789806
4,...,52.2200754192,6.8956518453,76.9,15,null,175.1499938965,1.125,1377340744000,AAD12,android,2dc12d62-5822-4216-9ee3-829062b586d5,258074.058157303,471293.425232847,ID,4,422.4077183778818
3,A,52.2200754192,6.8956518453,76.9,15,null,175.1499938965,1.125,1377340744000,AAD12,android,2dc12d62-5822-4216-9ee3-829062b586d5,258074.058157303,471293.425232847,CD,2,278.6877455711463
2,C,52.2200754192,6.8956518453,76.9,15,null,175.1499938965,1.125,1377340744000,AAD12,android,2dc12d62-5822-4216-9ee3-829062b586d5,258074.058157303,471293.425232847,CD,2,278.6877455711463
12,B,52.2200754192,6.8956518453,76.9,15,null,175.1499938965,1.125,1377340744000,AAD12,android,2dc12d62-5822-4216-9ee3-829062b586d5,258074.058157303,471293.425232847,CC,1,105.4870061286072
13,dienst uitvoering onderwijs,52.2200754192,6.8956518453,76.9,15,null,175.1499938965,1.125,1377340744000,AAD12,android,2dc12d62-5822-4216-9ee3-829062b586d5,258074.058157303,471293.425232847,CD,2,469.0796900177929
22,C,52.2200754192,6.8956518453,76.9,15,null,175.1499938965,1.125,1377340744000,AAD12,android,2dc12d62-5822-4216-9ee3-829062b586d5,258074.058157303,471293.425232847,CD,2,524.3815363870731
14,B,52.2200754192,6.8956518453,76.9,15,null,175.1499938965,1.125,1377340744000,AAD12,android,2dc12d62-5822-4216-9ee3-829062b586d5,258074.058157303,471293.425232847,ID,4,622.5214383104645
9,C,52.2200754192,6.8956518453,76.9,15,null,175.1499938965,1.125,1377340744000,AAD12,android,2dc12d62-5822-4216-9ee3-829062b586d5,258074.058157303,471293.425232847,CC,1,87.56076951261312
23,1.50,52.2212378458,6.8951430651,96.5515541198,12,null,null,0,1377336569001,AAD12,android,025feb1b-042a-4c03-8a85-d8a3b85a4d7e,258036.606592176,471422.016075255,ID,4,311.17947791923535
11,D,52.2214178142,6.8951286727,96.6769785983,8,null,342.2517700195,0.5602371097,1377336674001,AAD12,android,025feb1b-042a-4c03-8a85-d8a3b85a4d7e,258035.206875995,471442.016180726,CC,1,5.153203439010891
15,D,52.2220387592,6.8904652266,85.9747835277,8,null,203.0642242432,0,1377337344001,AAD12,android,025feb1b-042a-4c03-8a85-d8a3b85a4d7e,257715.157323893,471504.476768952,CC,1,38.62181264115897
21,2000,52.2311084605,6.8889614673,91.3342939635,6,null,134.2240447998,0,1377337920000,AAD12,android,025feb1b-042a-4c03-8a85-d8a3b85a4d7e,257591.518998822,472511.307353219,CD,2,311.76160406697613
19,B,52.2219341933,6.8965889921,89.7482679739,6,null,288.3804321289,0,1377339462000,AAD12,android,025feb1b-042a-4c03-8a85-d8a3b85a4d7e,258133.783279924,471501.536768426,CC,1,45.16501843393364
16,B,52.2224044489,6.8955463083,90.8260930516,6,null,134.3050384521,1.3200173378,1377339661000,AAD12,android,025feb1b-042a-4c03-8a85-d8a3b85a4d7e,258061.457274619,471552.367741458,CC,1,43.788156835863184
20,C,52.2211696023,6.8988849808,86.9063520788,6,null,113.1148681641,0.5467613339,1377340069000,AAD12,android,025feb1b-042a-4c03-8a85-d8a3b85a4d7e,258292.421946731,471419.748188846,CD,2,200044.27486705346
7,C,52.2202095927,6.8954448087,84.2150822573,8,null,184.4290618896,0,1377340617000,AAD12,android,025feb1b-042a-4c03-8a85-d8a3b85a4d7e,258059.602025759,471308.057056447,CC,1,69.82361581475006
24,1.00,52.2197965899,6.8961031087,86.9658227589,12,null,302.1366577148,1.1781527996,1377340854000,AAD12,android,025feb1b-042a-4c03-8a85-d8a3b85a4d7e,258105.535951536,471263.048491598,IC,3,6.151370432409362
6,blauw,52.2192441604,6.8965523603,92.1046908541,8,null,335.4732055664,1.3408743143,1377340961000,AAD12,android,025feb1b-042a-4c03-8a85-d8a3b85a4d7e,258137.510286134,471202.232494859,CC,1,7.835076968996524
10,C,52.2200935633,6.8987136952,97.9823183809,8,null,305.0811462402,1.1105475426,1377341604000,AAD12,android,025feb1b-042a-4c03-8a85-d8a3b85a4d7e,258283.214797326,471299.800510224,CC,1,149.8350018694631
17,A,52.2201487606,6.8986812432,89.1809757602,8,null,264.7248840332,0.829944849,1377341711000,AAD12,android,025feb1b-042a-4c03-8a85-d8a3b85a4d7e,258280.869529884,471305.894695991,CC,1,128.56005508444025
4,...,52.2201487606,6.8986812432,89.1809757602,8,null,264.7248840332,0.829944849,1377341711000,AAD12,android,025feb1b-042a-4c03-8a85-d8a3b85a4d7e,258280.869529884,471305.894695991,ID,4,358.03942286574176
3,A,52.2201686971,6.8985453284,88.4709897542,8,null,170.7868041992,0.5398715138,1377341863000,AAD12,android,025feb1b-042a-4c03-8a85-d8a3b85a4d7e,258271.537034693,471307.918944721,CD,2,280.05151127415525
2,C,52.2201859465,6.8986649422,87.6732807964,12,null,81.6739425659,1.3446246386,1377341902000,AAD12,android,025feb1b-042a-4c03-8a85-d8a3b85a4d7e,258279.669540138,471310.00821365,CD,2,284.5084565826502
12,B,52.220159142,6.8987293499,87.1593191973,8,null,299.9054260254,0,1377341949000,AAD12,android,025feb1b-042a-4c03-8a85-d8a3b85a4d7e,258284.132303084,471307.118094253,CD,2,316.0056546633528
13,dienst uitvoering onderwijs,52.220159142,6.8987293499,87.1593191973,8,null,299.9054260254,0,1377341949000,AAD12,android,025feb1b-042a-4c03-8a85-d8a3b85a4d7e,258284.132303084,471307.118094253,CD,2,670.2619951186662
22,C,52.220159142,6.8987293499,87.1593191973,8,null,299.9054260254,0,1377341949000,AAD12,android,025feb1b-042a-4c03-8a85-d8a3b85a4d7e,258284.132303084,471307.118094253,CD,2,671.2452427152227
14,C,52.220159142,6.8987293499,87.1593191973,8,null,299.9054260254,0,1377341949000,AAD12,android,025feb1b-042a-4c03-8a85-d8a3b85a4d7e,258284.132303084,471307.118094253,ID,4,832.1522917015728
9,D,52.220159142,6.8987293499,87.1593191973,8,null,299.9054260254,0,1377341949000,AAD12,android,025feb1b-042a-4c03-8a85-d8a3b85a4d7e,258284.132303084,471307.118094253,IC,3,144.221679688944
23,1.5,52.2204006,6.8970613,null,787,null,null,null,1377336505598,AAD12,android,2223d3a1-ac38-45a2-8eb2-42fdb0b132f7,258169.604838569,471331.604378048,CC,1,150.75390385942345
11,D,52.2213486,6.8953134,null,30,null,null,null,1377336746168,AAD12,android,2223d3a1-ac38-45a2-8eb2-42fdb0b132f7,258047.98802187,471434.578967577,CC,1,19.87029010945568
15,D,52.2219766444,6.8904717453,98.4000244141,30,null,337,1.3135499954,1377337248000,AAD12,android,2223d3a1-ac38-45a2-8eb2-42fdb0b132f7,257715.745961622,471497.576044558,CC,1,45.25182098815307
21,2000,52.2311318619,6.8887209333,83,5,null,3,0,1377337938000,AAD12,android,2223d3a1-ac38-45a2-8eb2-42fdb0b132f7,257575.034811248,472513.570329239,CD,2,328.1951473460373
19,B,52.2220303304,6.8966221344,101.299987793,10,null,11,1.8765000105,1377339473000,AAD12,android,2223d3a1-ac38-45a2-8eb2-42fdb0b132f7,258135.824957113,471512.278663574,CC,1,43.69829304958751
16,B,52.2223505611,6.8955325708,99.5999755859,10,null,58,0.9382500052,1377339647000,AAD12,android,2223d3a1-ac38-45a2-8eb2-42fdb0b132f7,258060.643432392,471546.35347512,CC,1,47.41388837382743
20,C,52.2214272,6.897628,null,66.202003479,null,null,null,1377340144364,AAD12,android,2223d3a1-ac38-45a2-8eb2-42fdb0b132f7,258205.944766494,471446.614736154,CD,2,199957.79691389418
7,C,52.2192417551,6.8969043531,93.700012207,15,null,250,2.4394497871,1377340532000,AAD12,android,2223d3a1-ac38-45a2-8eb2-42fdb0b132f7,258161.565966823,471202.465639757,CC,1,197.99468641693497
24,1,52.2198271053,6.896034563,92.299987793,15,null,136,0.2502000034,1377340860000,AAD12,android,2223d3a1-ac38-45a2-8eb2-42fdb0b132f7,258100.781940093,471266.345705863,CC,1,1.1989788724622479
6,blauw,52.2192589799,6.8964316975,93.5999755859,15,null,228,0.5629500151,1377340974000,AAD12,android,2223d3a1-ac38-45a2-8eb2-42fdb0b132f7,258129.231614168,471203.709466685,CC,1,3.788213282546439
10,C,52.2201199,6.8987047,null,30,null,null,null,1377341681992,AAD12,android,2223d3a1-ac38-45a2-8eb2-42fdb0b132f7,258282.5391282,471302.717517028,CC,1,152.738623730894
17,A,52.2201199,6.8987047,null,30,null,null,null,1377341681992,AAD12,android,2223d3a1-ac38-45a2-8eb2-42fdb0b132f7,258282.5391282,471302.717517028,CC,1,125.69631689574763
4,kreeft,52.2201199,6.8987047,null,30,null,null,null,1377341681992,AAD12,android,2223d3a1-ac38-45a2-8eb2-42fdb0b132f7,258282.5391282,471302.717517028,ID,4,354.7012316505251
3,A,52.2201199,6.8987047,null,30,null,null,null,1377341681992,AAD12,android,2223d3a1-ac38-45a2-8eb2-42fdb0b132f7,258282.5391282,471302.717517028,CD,2,278.53901701801914
2,C,52.2201199,6.8987047,null,30,null,null,null,1377341681992,AAD12,android,2223d3a1-ac38-45a2-8eb2-42fdb0b132f7,258282.5391282,471302.717517028,CD,2,278.53901701801914
12,B,52.2201199,6.8987047,null,30,null,null,null,1377341681992,AAD12,android,2223d3a1-ac38-45a2-8eb2-42fdb0b132f7,258282.5391282,471302.717517028,CD,2,314.1675865600203
13,Dienst uitvoerend Onderwijs,52.2201199,6.8987047,null,30,null,null,null,1377341681992,AAD12,android,2223d3a1-ac38-45a2-8eb2-42fdb0b132f7,258282.5391282,471302.717517028,ID,4,667.3990462403697
22,C,52.2201199,6.8987047,null,30,null,null,null,1377341681992,AAD12,android,2223d3a1-ac38-45a2-8eb2-42fdb0b132f7,258282.5391282,471302.717517028,CD,2,667.095825071734
14,B,52.2201199,6.8987047,null,30,null,null,null,1377341681992,AAD12,android,2223d3a1-ac38-45a2-8eb2-42fdb0b132f7,258282.5391282,471302.717517028,ID,4,830.6343968309227
9,C,52.2201199,6.8987047,null,30,null,null,null,1377341681992,AAD12,android,2223d3a1-ac38-45a2-8eb2-42fdb0b132f7,258282.5391282,471302.717517028,CC,1,143.91065994942107
8,A,52.2206665484,6.8953332135,74.3719256357,6,null,null,0,1377335994000,AAI15,android,535240bc-23f8-4dfb-8b25-3a2fd8500065,258050.919992912,471358.732408049,CC,1,35.96948075152821
8,A,52.2206139145,6.895361999,91.200012207,15,null,115,0.3127500117,1377336020000,AAI15,android,ef3b27e3-3377-4053-9595-9e207cb2a98c,258053.008513112,471352.918068941,CC,1,34.72776716884085
18,D,52.2206139145,6.895361999,91.200012207,15,null,115,0.3127500117,1377336020000,AAI15,android,ef3b27e3-3377-4053-9595-9e207cb2a98c,258053.008513112,471352.918068941,CC,1,43.82042167707889
24,1,52.2192261647,6.8967034388,112.9000244141,10,null,39,0,1377336654000,AAI15,android,ef3b27e3-3377-4053-9595-9e207cb2a98c,258147.874490471,471200.445467441,CC,1,80.84913084441406
6,Zwart,52.2192261647,6.8967034388,112.9000244141,5,null,39,0,1377336660000,AAI15,android,ef3b27e3-3377-4053-9595-9e207cb2a98c,258147.874490471,471200.445467441,IC,3,17.88004057151413
8,C,52.2208013,6.8953119,null,20,null,null,null,1377335641213,AAI15,android,3b1d41db-3a66-4344-89ae-74155f430f76,258049.151972041,471373.692536629,IC,3,39.82274841856258
18,D,52.22062782,6.89533114,94.5999984741,5,null,null,0,1377335997000,AAI15,android,3b1d41db-3a66-4344-89ae-74155f430f76,258050.867941412,471354.42112702,CC,1,42.79898844914982
24,1.00,52.21971992,6.89628331,94.5999984741,10,null,183.8000030518,0.25,1377336481000,AAI15,android,3b1d41db-3a66-4344-89ae-74155f430f76,258118.025681073,471254.775614206,IC,3,21.06929373945031
6,goud,52.21925822,6.89651584,91.5999984741,3,null,null,0,1377336681000,AAI15,android,3b1d41db-3a66-4344-89ae-74155f430f76,258134.982456684,471203.744607183,IC,3,6.232732752388444
1,C,52.21814541,6.89661005,94.1999969482,3,null,null,0,1377337074000,AAI15,android,3b1d41db-3a66-4344-89ae-74155f430f76,258143.996585491,471080.084326329,CC,1,61.016943251337786
2,C,52.21816538,6.89568614,99.9000015259,3,null,null,0,1377337630000,AAI15,android,3b1d41db-3a66-4344-89ae-74155f430f76,258080.822121832,471080.992073032,CC,1,116.61972017085976
3,C,52.21645122,6.90263977,98.3000030518,3,null,null,0,1377338768000,AAI15,android,3b1d41db-3a66-4344-89ae-74155f430f76,258559.929815321,470900.208929228,ID,4,395.46126451399124
4,k,52.21645122,6.90263977,98.3000030518,3,null,null,0,1377338768000,AAI15,android,3b1d41db-3a66-4344-89ae-74155f430f76,258559.929815321,470900.208929228,ID,4,245.04176584531137
5,oranje,52.22003256,6.89426055,66.9000015259,3,null,null,0,1377339836000,AAI15,android,3b1d41db-3a66-4344-89ae-74155f430f76,257979.097956801,471286.680551393,CD,2,695.1867395040349
22,C,52.22003256,6.89426055,66.9000015259,3,null,null,0,1377339836000,AAI15,android,3b1d41db-3a66-4344-89ae-74155f430f76,257979.097956801,471286.680551393,CD,2,473.5067288436148
12,B,52.22003256,6.89426055,66.9000015259,3,null,null,0,1377339836000,AAI15,android,3b1d41db-3a66-4344-89ae-74155f430f76,257979.097956801,471286.680551393,CC,1,10.355992576413454
13,dienst uitvoerend onderwijs,52.22006169,6.89430691,71,9,null,null,0,1377339930000,AAI15,android,3b1d41db-3a66-4344-89ae-74155f430f76,257982.198115315,471289.986954652,ID,4,385.5123674758772
8,A,52.2217872,6.8968679,null,780,null,null,null,1377336057232,AAI15,android,9432233c-af2d-4a15-b091-dc7702a9cf6d,258153.179160708,471485.581265008,CC,1,141.3243617486496
18,D,52.2217872,6.8968679,null,780,null,null,null,1377336057232,AAI15,android,9432233c-af2d-4a15-b091-dc7702a9cf6d,258153.179160708,471485.581265008,CC,1,128.5358035560178
24,1,52.2215321939,6.8957865424,100,50,null,0,0,1377336472000,AAI15,android,9432233c-af2d-4a15-b091-dc7702a9cf6d,258079.88926174,471455.675354266,CC,1,191.19902311633896
6,Blauw ,52.2191975405,6.8965656403,107.700012207,25,null,136,1.8139500618,1377336584000,AAI15,android,9432233c-af2d-4a15-b091-dc7702a9cf6d,258138.525614906,471197.065163819,IC,3,9.016616490372664
1,C,52.2180971643,6.8966227211,111.0999755859,5,null,142,0.4378499985,1377337056000,AAI15,android,9432233c-af2d-4a15-b091-dc7702a9cf6d,258144.974100667,471074.735269548,CC,1,56.86713076391114
2,A,52.2181705898,6.8957201578,116.200012207,10,null,140,0.4378499985,1377337564000,AAI15,android,9432233c-af2d-4a15-b091-dc7702a9cf6d,258083.134405905,471081.619995492,IC,3,114.68425884152434
3,C,52.2169792699,6.8990590889,115.5,5,null,98,0.9382500052,1377338138000,AAI15,android,9432233c-af2d-4a15-b091-dc7702a9cf6d,258314.03770527,470953.843894023,IC,3,151.02392832186666
4,Martin Meijers,52.2168332571,6.8991957139,107.9000244141,10,null,200,0,1377338309000,AAI15,android,9432233c-af2d-4a15-b091-dc7702a9cf6d,258323.711885589,470937.795417993,CC,1,12.756563667065636
5,Geel ,52.2164387628,6.9025829248,104.5,10,null,231,0.0625500008,1377338755000,AAI15,android,9432233c-af2d-4a15-b091-dc7702a9cf6d,258556.07455915,470898.741950256,IC,3,10.645278913449422
22,C,52.2176944558,6.8897798192,96.5999755859,10,null,322,1.3760999441,1377339411000,AAI15,android,9432233c-af2d-4a15-b091-dc7702a9cf6d,257678.344963673,471020.224307203,CD,2,201.75419930931753
12,B,52.2201086953,6.894414844,103.5999755859,10,null,359,0,1377339844000,AAI15,android,9432233c-af2d-4a15-b091-dc7702a9cf6d,257989.463932396,471295.369348709,CC,1,22.262033584357287
13,Dienst Uitvoering Onderwijs ,52.2184023494,6.889741011,108,10,null,116,0.2502000034,1377340353000,AAI15,android,9432233c-af2d-4a15-b091-dc7702a9cf6d,257674.061318116,471098.918908578,IC,3,27.526998182286366
14,C,52.2184619866,6.889444543,89.5999755859,5,null,283,0,1377340492000,AAI15,android,9432233c-af2d-4a15-b091-dc7702a9cf6d,257653.667101793,471105.133495746,ID,4,293.9773018507963
15,D,52.2210231191,6.8873312976,99.299987793,10,null,354,4.7537999153,1377340863000,AAI15,android,9432233c-af2d-4a15-b091-dc7702a9cf6d,257503.380665357,471387.057057453,CD,2,249.0997921122888
21,2000,52.22350806,6.8875390012,96.799987793,10,null,357,3.4402499199,1377340967000,AAI15,android,9432233c-af2d-4a15-b091-dc7702a9cf6d,257511.851109173,471663.788028176,CD,2,845.1450994978834
19,C,52.2271177685,6.8823005632,84.799987793,10,null,224,0,1377341180000,AAI15,android,9432233c-af2d-4a15-b091-dc7702a9cf6d,257145.684336508,472057.957727354,ID,4,1088.942327462118
16,B,52.227122169,6.8822900858,84.200012207,10,null,236,0,1377341203000,AAI15,android,9432233c-af2d-4a15-b091-dc7702a9cf6d,257144.958491558,472058.432501904,CD,2,1004.2052867935538
11,D,52.227122169,6.8822900858,84.200012207,10,null,236,0,1377341215000,AAI15,android,9432233c-af2d-4a15-b091-dc7702a9cf6d,257144.958491558,472058.432501904,CD,2,1077.8609232355236
23,1.5,52.227122169,6.8822900858,84.200012207,10,null,236,0,1377341237000,AAI15,android,9432233c-af2d-4a15-b091-dc7702a9cf6d,257144.958491558,472058.432501904,CD,2,1406.0331447864019
9,C,52.2271432495,6.8822205998,84.5999755859,10,null,348,0.8131499887,1377341273000,AAI15,android,9432233c-af2d-4a15-b091-dc7702a9cf6d,257140.163288878,472060.679720811,CD,2,1233.6864973368563
9,C,52.2210795724,6.895243936,108.0876393472,16,null,null,0,1377336826999,AAD05,android,d6947ea9-c055-43f8-8d51-1d1dc82bf909,258043.864570623,471404.552318167,CC,1,117.38751192883949
14,C,52.2202387101,6.8873373309,80.5532617855,6,null,315.8682556152,0,1377337611999,AAD05,android,d6947ea9-c055-43f8-8d51-1d1dc82bf909,257505.598371598,471299.804002944,IC,3,56.902140098830785
15,D,52.2220599779,6.8902690761,86.1886731876,4,null,134.4759063721,0,1377338049000,AAD05,android,d6947ea9-c055-43f8-8d51-1d1dc82bf909,257701.707117376,471506.559399616,CC,1,33.484145558452425
21,2000,52.2299448965,6.8922927086,87.2048891317,6,null,148.9557495117,0,1377338553000,AAD05,android,d6947ea9-c055-43f8-8d51-1d1dc82bf909,257821.754836949,472386.585347659,CC,1,75.518084281905
9,C,52.22026848,6.88715567,96.6999969482,10,null,null,0.5,1377337635484,AAD05,android,236d6aa9-b19f-45e0-8911-bbe28fd65997,257493.118026892,471302.858963713,CD,2,653.1646919742119
14,C,52.22029279,6.88730805,77.3000030518,4,null,null,0.5,1377337684000,AAD05,android,236d6aa9-b19f-45e0-8911-bbe28fd65997,257503.473304024,471305.778728431,IC,3,53.10390945967342
15,D,52.22226574,6.89021927,89.3000030518,3,null,null,0.5,1377338062000,AAD05,android,236d6aa9-b19f-45e0-8911-bbe28fd65997,257697.829775433,471529.378855083,CC,1,10.840599338536657
21,2000,52.22989739,6.89228546,88.1999969482,3,null,null,0,1377338570743,AAD05,android,236d6aa9-b19f-45e0-8911-bbe28fd65997,257821.36940538,472381.290204028,CC,1,78.32979830263169
18,D,52.2199017,6.8960806,null,883,null,null,null,1377336402593,AAF11,android,5052b33b-9559-48a9-8d2b-f431f7c4d7f7,258103.754707524,471274.709437579,CC,1,128.60990207291678
5,Oranje,52.2199017,6.8960806,null,883,null,null,null,1377336482650,AAF11,android,5052b33b-9559-48a9-8d2b-f431f7c4d7f7,258103.754707524,471274.709437579,CD,2,589.1826647308302
4,Martin Meijers,52.2169170391,6.8989945137,98.1086149407,12,null,176.8153076172,0.9276553392,1377337332000,AAF11,android,5052b33b-9559-48a9-8d2b-f431f7c4d7f7,258309.769692927,470946.829045374,CC,1,10.71046852608444
1,C,52.2169132672,6.8991740132,95.4022237309,8,null,56.4871330261,0,1377337374000,AAF11,android,5052b33b-9559-48a9-8d2b-f431f7c4d7f7,258322.043483996,470946.665193664,CC,1,161.69993116751002
3,A,52.2169969608,6.8991673841,96.8490919231,8,null,103.3214797974,0,1377337413000,AAF11,android,5052b33b-9559-48a9-8d2b-f431f7c4d7f7,258321.396369802,470955.966214889,CC,1,155.97013508112568
22,C,52.217019606,6.8991422964,97.1738296988,8,null,297.375793457,0.5715638995,1377337423000,AAF11,android,5052b33b-9559-48a9-8d2b-f431f7c4d7f7,258319.62962089,470958.449625992,CD,2,539.7929669153011
6,Blauw,52.2199017,6.8960806,null,883,null,null,null,1377338047168,AAF11,android,5052b33b-9559-48a9-8d2b-f431f7c4d7f7,258103.754707524,471274.709437579,CC,1,79.18532339087534
17,A,52.2199017,6.8960806,null,883,null,null,null,1377338047168,AAF11,android,5052b33b-9559-48a9-8d2b-f431f7c4d7f7,258103.754707524,471274.709437579,CD,2,293.99207043897314
20,C,52.2199017,6.8960806,null,883,null,null,null,1377338775720,AAF11,android,5052b33b-9559-48a9-8d2b-f431f7c4d7f7,258103.754707524,471274.709437579,CD,2,199855.67418295826
7,C,52.2199017,6.8960806,null,883,null,null,null,1377338775720,AAF11,android,5052b33b-9559-48a9-8d2b-f431f7c4d7f7,258103.754707524,471274.709437579,CC,1,108.43111384772888
18,D,52.22092,6.8954094,null,25,null,null,null,1377340382000,AAC12,android,20b20bcb-5777-4a84-aa74-bb916c18bde4,258055.53879899,471387.035866093,CC,1,10.4990619315082
10,C,52.2195367,6.8982548,null,40,null,null,null,1377340963000,AAC12,android,20b20bcb-5777-4a84-aa74-bb916c18bde4,258253.152195588,471237.198848658,CC,1,91.23838999581245
5,blauw,52.2193512,6.8987794,null,41,null,null,null,1377341007000,AAC12,android,20b20bcb-5777-4a84-aa74-bb916c18bde4,258289.425764608,471217.310094123,ID,4,418.3668603808638
4,martin meijers,52.21699,6.8990311,null,49,null,null,null,1377341506000,AAC12,android,20b20bcb-5777-4a84-aa74-bb916c18bde4,258312.100361717,470954.997682804,CC,1,9.34778681891367
17,A,52.2169951,6.8994042,null,30,null,null,null,1377342315000,AAC12,android,20b20bcb-5777-4a84-aa74-bb916c18bde4,258337.582076971,470956.096672203,CD,2,299.9508871385826
6,blauw,52.2169951,6.8994042,null,30,null,null,null,1377342315000,AAC12,android,20b20bcb-5777-4a84-aa74-bb916c18bde4,258337.582076971,470956.096672203,CD,2,320.279802657079
1,C,52.2169951,6.8994042,null,30,null,null,null,1377342315000,AAC12,android,20b20bcb-5777-4a84-aa74-bb916c18bde4,258337.582076971,470956.096672203,CC,1,169.76524337593688
2,D,52.2169951,6.8994042,null,30,null,null,null,1377342315000,AAC12,android,20b20bcb-5777-4a84-aa74-bb916c18bde4,258337.582076971,470956.096672203,IC,3,169.76524337593688
22,C,52.2169951,6.8994042,null,30,null,null,null,1377342315000,AAC12,android,20b20bcb-5777-4a84-aa74-bb916c18bde4,258337.582076971,470956.096672203,CD,2,556.9640291368153
24,1,52.2192076,6.8963233,null,22,null,null,null,1377343122000,AAC12,android,20b20bcb-5777-4a84-aa74-bb916c18bde4,258121.94426457,471197.83955778,CC,1,71.18479430006069
12,B,52.2192076,6.8963233,null,22,null,null,null,1377343122000,AAC12,android,20b20bcb-5777-4a84-aa74-bb916c18bde4,258121.94426457,471197.83955778,CC,1,177.3477922423811
